debate_id,turn_index,speaker,turn_char_len,turn_word_len,claim_count,claim_chars_total,claim_words_total,mean_rel_start,mean_rel_len
20001003_gore_bush,0,GORE,1742,307,2,99,15,0.32778415614236506,0.028415614236509762
20001003_gore_bush,1,BUSH,945,166,5,441,77,0.48846560846560844,0.09333333333333334
20001003_gore_bush,2,GORE,1176,216,5,619,112,0.5171768707482993,0.10527210884353741
20001003_gore_bush,3,BUSH,968,181,3,180,33,0.27479338842975204,0.06198347107438016
20001003_gore_bush,4,BUSH,518,95,1,78,14,0.277992277992278,0.15057915057915058
20001003_gore_bush,5,GORE,591,108,1,175,29,0.2808798646362098,0.2961082910321489
20001003_gore_bush,6,BUSH,33,6,0,0,0,,
20001003_gore_bush,7,BUSH,2221,397,4,388,63,0.10941017559657812,0.043674020711391266
20001003_gore_bush,8,GORE,1001,183,7,493,94,0.5036392179249323,0.07035821321535608
20001003_gore_bush,9,BUSH,1744,315,4,333,54,0.4610091743119266,0.04773509174311927
20001003_gore_bush,10,GORE,1575,294,9,752,140,0.5186596119929453,0.05305114638447972
20001003_gore_bush,11,BUSH,300,50,0,0,0,,
20001003_gore_bush,12,GORE,85,15,1,58,10,0.3058823529411765,0.6823529411764706
20001003_gore_bush,13,BUSH,831,158,5,347,69,0.54632972322503,0.08351383874849579
20001003_gore_bush,14,GORE,435,83,3,265,50,0.5287356321839081,0.20306513409961688
20001003_gore_bush,15,GORE,8,1,0,0,0,,
20001003_gore_bush,16,BUSH,8,1,0,0,0,,
20001003_gore_bush,17,GORE,76,18,2,52,14,0.4407894736842105,0.34210526315789475
20001003_gore_bush,18,BUSH,439,83,1,89,15,0.5330296127562643,0.20273348519362186
20001003_gore_bush,19,GORE,75,15,0,0,0,,
20001003_gore_bush,20,BUSH,75,13,1,59,10,0.2,0.7866666666666666
20001003_gore_bush,21,GORE,18,4,0,0,0,,
20001003_gore_bush,22,BUSH,84,19,1,33,7,0.5952380952380952,0.39285714285714285
20001003_gore_bush,23,GORE,227,45,2,143,27,0.4713656387665198,0.31497797356828194
20001003_gore_bush,24,GORE,1790,319,5,619,112,0.5754189944134078,0.06916201117318435
20001003_gore_bush,25,BUSH,1172,218,5,281,55,0.45102389078498295,0.04795221843003413
20001003_gore_bush,26,GORE,973,177,4,320,62,0.6215313463514902,0.08221993833504625
20001003_gore_bush,27,BUSH,1557,285,8,467,86,0.3594251766217084,0.03749197174052665
20001003_gore_bush,28,GORE,494,93,2,101,18,0.36133603238866396,0.10222672064777327
20001003_gore_bush,29,BUSH,165,29,2,114,20,0.4878787878787879,0.34545454545454546
20001003_gore_bush,30,GORE,38,9,0,0,0,,
20001003_gore_bush,31,BUSH,1812,344,3,272,48,0.4449963208241354,0.05003679175864606
20001003_gore_bush,32,GORE,1177,217,4,293,53,0.4539082412914189,0.062234494477485136
20001003_gore_bush,33,BUSH,86,15,0,0,0,,
20001003_gore_bush,34,BUSH,95,19,0,0,0,,
20001003_gore_bush,35,GORE,344,64,1,63,12,0.5290697674418605,0.18313953488372092
20001003_gore_bush,36,BUSH,68,15,1,67,15,0.0,0.9852941176470589
20001003_gore_bush,37,BUSH,14,3,1,13,3,0.0,0.9285714285714286
20001003_gore_bush,38,BUSH,894,156,1,60,11,0.7259507829977628,0.06711409395973154
20001003_gore_bush,39,GORE,810,146,2,148,27,0.6537037037037037,0.09135802469135802
20001003_gore_bush,40,BUSH,419,82,1,58,12,0.31026252983293556,0.13842482100238662
20001003_gore_bush,41,GORE,560,111,0,0,0,,
20001003_gore_bush,42,BUSH,159,28,0,0,0,,
20001003_gore_bush,43,GORE,17,3,0,0,0,,
20001003_gore_bush,44,GORE,1527,266,5,320,54,0.204060248853962,0.04191224623444663
20001003_gore_bush,45,BUSH,789,149,0,0,0,,
20001003_gore_bush,46,GORE,1022,187,4,274,49,0.3182485322896282,0.06702544031311154
20001003_gore_bush,47,BUSH,101,17,0,0,0,,
20001003_gore_bush,48,GORE,11,2,0,0,0,,
20001003_gore_bush,49,BUSH,67,14,0,0,0,,
20001003_gore_bush,50,BUSH,3,1,0,0,0,,
20001003_gore_bush,51,BUSH,255,48,1,17,3,0.615686274509804,0.06666666666666667
20001003_gore_bush,52,BUSH,2003,360,6,300,54,0.7199201198202697,0.02496255616575137
20001003_gore_bush,53,GORE,1228,220,2,147,27,0.6502442996742671,0.05985342019543974
20001003_gore_bush,54,BUSH,1168,216,3,184,33,0.4626141552511416,0.05251141552511415
20001003_gore_bush,55,GORE,1369,255,9,566,100,0.45613180748315885,0.045937829721613505
20001003_gore_bush,56,BUSH,1137,213,1,70,13,0.3210202286719437,0.06156552330694811
20001003_gore_bush,57,GORE,25,6,0,0,0,,
20001003_gore_bush,58,GORE,639,112,3,316,59,0.4908711528429838,0.16484089723526343
20001003_gore_bush,59,BUSH,46,9,0,0,0,,
20001003_gore_bush,60,GORE,1866,340,7,632,116,0.5187566988210075,0.04838462716276221
20001003_gore_bush,61,BUSH,1192,211,8,620,113,0.4301593959731544,0.06501677852348993
20001003_gore_bush,62,GORE,280,55,1,102,21,0.44285714285714284,0.36428571428571427
20001003_gore_bush,63,BUSH,769,142,4,292,56,0.3660598179453836,0.09492847854356307
20001003_gore_bush,64,GORE,1398,257,5,450,82,0.29070100143061517,0.06437768240343347
20001003_gore_bush,65,BUSH,97,19,1,40,6,0.5773195876288659,0.41237113402061853
20001003_gore_bush,66,GORE,7,2,0,0,0,,
20001003_gore_bush,67,BUSH,1075,202,4,461,86,0.4158139534883721,0.1072093023255814
20001003_gore_bush,68,BUSH,2329,411,0,0,0,,
20001003_gore_bush,69,GORE,1647,303,5,221,41,0.4735883424408015,0.026836672738312084
20001003_gore_bush,70,BUSH,1443,252,5,313,54,0.3907137907137907,0.04338184338184338
20001003_gore_bush,71,GORE,2148,382,9,780,135,0.39457893647837783,0.040347610180012414
20001003_gore_bush,72,BUSH,401,80,2,44,10,0.6346633416458853,0.05486284289276808
20001003_gore_bush,73,GORE,18,4,0,0,0,,
20001003_gore_bush,74,BUSH,632,121,0,0,0,,
20001003_gore_bush,75,GORE,1518,269,7,740,130,0.551948051948052,0.06964050442311312
20001003_gore_bush,76,BUSH,124,22,0,0,0,,
20001003_gore_bush,77,BUSH,900,173,0,0,0,,
20001003_gore_bush,78,BUSH,779,146,0,0,0,,
20001003_gore_bush,79,GORE,1152,211,5,379,74,0.537326388888889,0.06579861111111111
20001003_gore_bush,80,BUSH,439,81,0,0,0,,
20001003_gore_bush,81,GORE,22,5,0,0,0,,
20001003_gore_bush,82,GORE,1458,256,6,495,86,0.5318930041152263,0.056584362139917695
20001003_gore_bush,83,BUSH,1078,197,6,421,77,0.2987012987012987,0.06508967223252937
20001003_gore_bush,84,GORE,1043,190,5,396,70,0.3188878235858102,0.07593480345158198
20001003_gore_bush,85,BUSH,314,63,2,56,12,0.2085987261146497,0.089171974522293
20001003_gore_bush,86,GORE,9,2,0,0,0,,
20001003_gore_bush,87,GORE,1711,307,9,698,129,0.5506201701409182,0.04532761867653744
20001003_gore_bush,88,BUSH,1742,325,3,161,28,0.5815154994259472,0.03080750095675469
20001003_gore_bush,89,GORE,1001,190,1,85,15,0.2677322677322677,0.08491508491508491
20001003_gore_bush,90,BUSH,1080,190,3,158,27,0.38240740740740736,0.04876543209876543
20001003_gore_bush,91,GORE,83,18,0,0,0,,
20001003_gore_bush,92,GORE,310,58,1,127,25,0.5870967741935483,0.4096774193548387
20001003_gore_bush,93,BUSH,559,101,1,83,14,0.8497316636851521,0.148479427549195
20001003_gore_bush,94,BUSH,1189,227,2,129,20,0.5492010092514719,0.054247266610597145
20001003_gore_bush,95,GORE,793,160,0,0,0,,
20001003_gore_bush,96,BUSH,60,13,0,0,0,,
20001003_gore_bush,97,BUSH,493,95,0,0,0,,
20001003_gore_bush,98,GORE,1260,221,2,81,14,0.6599206349206349,0.03214285714285714
20001003_gore_bush,99,BUSH,632,120,3,144,23,0.38396624472573837,0.0759493670886076
20001003_gore_bush,100,BUSH,416,81,1,43,7,0.28365384615384615,0.10336538461538461
20001003_gore_bush,101,GORE,705,133,2,172,28,0.48085106382978726,0.12198581560283689
20001003_gore_bush,102,BUSH,206,32,2,119,17,0.44902912621359226,0.28883495145631066
20001003_gore_bush,103,BUSH,2361,442,0,0,0,,
20001003_gore_bush,104,GORE,1981,367,2,169,28,0.3223119636547198,0.04265522463402322
20040930_bush_kerry,105,KERRY,1830,340,2,119,22,0.6338797814207651,0.032513661202185795
20040930_bush_kerry,106,BUSH,1327,229,6,311,53,0.5470987189148455,0.03906053755337855
20040930_bush_kerry,107,BUSH,1739,322,3,184,31,0.5196473068813494,0.035269311865056545
20040930_bush_kerry,108,KERRY,1380,242,7,657,109,0.641511387163561,0.06801242236024845
20040930_bush_kerry,109,KERRY,1939,357,13,922,169,0.5653191573769191,0.03657714127028206
20040930_bush_kerry,110,BUSH,1491,259,6,427,71,0.4357254638944779,0.04773082942097027
20040930_bush_kerry,111,BUSH,1860,342,4,279,48,0.46706989247311825,0.0375
20040930_bush_kerry,112,KERRY,1451,270,7,643,116,0.5165895441567392,0.06330609431918874
20040930_bush_kerry,113,BUSH,22,5,0,0,0,,
20040930_bush_kerry,114,BUSH,529,105,2,149,31,0.3052930056710775,0.14083175803402645
20040930_bush_kerry,115,KERRY,502,99,0,0,0,,
20040930_bush_kerry,116,KERRY,2087,383,12,963,172,0.3845631688228717,0.03845232390991854
20040930_bush_kerry,117,BUSH,1312,235,5,365,60,0.37347560975609756,0.055640243902439025
20040930_bush_kerry,118,KERRY,414,77,1,52,9,0.2753623188405797,0.12560386473429952
20040930_bush_kerry,119,BUSH,549,101,0,0,0,,
20040930_bush_kerry,120,BUSH,1889,364,2,191,38,0.3467443091582848,0.050555849655902596
20040930_bush_kerry,121,KERRY,1491,274,6,358,66,0.5584618824055444,0.04001788508830762
20040930_bush_kerry,122,BUSH,36,7,0,0,0,,
20040930_bush_kerry,123,BUSH,506,96,1,151,26,0.5612648221343873,0.2984189723320158
20040930_bush_kerry,124,KERRY,483,98,0,0,0,,
20040930_bush_kerry,125,KERRY,2085,371,9,900,152,0.4862776445510259,0.047961630695443645
20040930_bush_kerry,126,BUSH,1561,289,11,601,115,0.48395550637703105,0.03500087356589599
20040930_bush_kerry,127,KERRY,358,59,3,159,26,0.3891992551210428,0.14804469273743018
20040930_bush_kerry,128,BUSH,508,87,2,105,15,0.21850393700787402,0.1033464566929134
20040930_bush_kerry,129,BUSH,1710,322,9,375,66,0.6094866796621183,0.024366471734892786
20040930_bush_kerry,130,KERRY,1434,268,8,726,135,0.6388598326359832,0.06328451882845187
20040930_bush_kerry,131,KERRY,2068,393,9,682,130,0.3839995701697829,0.03664302600472813
20040930_bush_kerry,132,BUSH,1302,242,5,369,70,0.5592933947772657,0.05668202764976958
20040930_bush_kerry,133,KERRY,426,82,2,98,21,0.16549295774647887,0.11502347417840375
20040930_bush_kerry,134,BUSH,438,78,0,0,0,,
20040930_bush_kerry,135,BUSH,1568,302,0,0,0,,
20040930_bush_kerry,136,KERRY,1443,283,3,125,26,0.5197505197505198,0.028875028875028876
20040930_bush_kerry,137,BUSH,468,93,1,109,20,0.5064102564102564,0.2329059829059829
20040930_bush_kerry,138,KERRY,580,111,0,0,0,,
20040930_bush_kerry,139,KERRY,2075,390,9,541,102,0.4235609103078983,0.02896921017402945
20040930_bush_kerry,140,BUSH,1322,237,5,348,59,0.2692889561270802,0.05264750378214826
20040930_bush_kerry,141,KERRY,518,93,2,222,37,0.555984555984556,0.2142857142857143
20040930_bush_kerry,142,BUSH,12,3,0,0,0,,
20040930_bush_kerry,143,BUSH,510,93,0,0,0,,
20040930_bush_kerry,144,BUSH,1612,312,1,56,8,0.8076923076923077,0.034739454094292806
20040930_bush_kerry,145,KERRY,1438,253,8,587,110,0.41663769123783034,0.051025730180806673
20040930_bush_kerry,146,BUSH,474,86,2,57,10,0.7035864978902953,0.060126582278481014
20040930_bush_kerry,147,KERRY,518,90,5,355,62,0.4903474903474903,0.13706563706563707
20040930_bush_kerry,148,KERRY,2078,390,6,760,139,0.4602983638113571,0.060956047481552776
20040930_bush_kerry,149,BUSH,1153,213,5,312,54,0.5554206418039895,0.054119687771032085
20040930_bush_kerry,150,BUSH,1785,327,5,484,79,0.44000000000000006,0.054229691876750696
20040930_bush_kerry,151,KERRY,1567,269,10,751,127,0.5422463305679643,0.047925973197192086
20040930_bush_kerry,152,BUSH,6,1,0,0,0,,
20040930_bush_kerry,153,KERRY,214,37,0,0,0,,
20040930_bush_kerry,154,BUSH,635,111,7,372,65,0.4861642294713161,0.08368953880764905
20040930_bush_kerry,155,KERRY,2081,381,7,478,85,0.36671929704125766,0.03281389441889202
20040930_bush_kerry,156,BUSH,1099,197,10,544,95,0.31610555050045497,0.049499545040946315
20040930_bush_kerry,157,BUSH,1369,249,1,39,8,0.46676406135865595,0.028487947406866325
20040930_bush_kerry,158,KERRY,426,82,0,0,0,,
20040930_bush_kerry,159,BUSH,45,9,0,0,0,,
20040930_bush_kerry,160,KERRY,140,26,0,0,0,,
20040930_bush_kerry,161,BUSH,10,2,0,0,0,,
20040930_bush_kerry,162,KERRY,947,174,1,90,15,0.8352692713833157,0.09503695881731784
20040930_bush_kerry,163,BUSH,454,84,0,0,0,,
20040930_bush_kerry,164,KERRY,474,96,2,74,14,0.5348101265822784,0.07805907172995781
20040930_bush_kerry,165,KERRY,1941,341,10,760,134,0.3509015971148893,0.03915507470376095
20040930_bush_kerry,166,BUSH,1309,209,7,605,91,0.5301757066462949,0.06602641056422569
20040930_bush_kerry,167,BUSH,34,7,0,0,0,,
20040930_bush_kerry,168,KERRY,424,77,3,130,25,0.48742138364779874,0.10220125786163521
20040930_bush_kerry,169,BUSH,510,97,0,0,0,,
20040930_bush_kerry,170,BUSH,1563,282,2,68,11,0.15515035188739604,0.021753039027511197
20040930_bush_kerry,171,KERRY,1587,289,6,438,76,0.44286914513757614,0.04599873976055451
20040930_bush_kerry,172,BUSH,68,14,0,0,0,,
20040930_bush_kerry,173,BUSH,10,2,0,0,0,,
20040930_bush_kerry,174,BUSH,54,11,0,0,0,,
20040930_bush_kerry,175,BUSH,295,56,0,0,0,,
20040930_bush_kerry,176,KERRY,432,83,3,170,36,0.5223765432098765,0.13117283950617284
20040930_bush_kerry,177,KERRY,1895,359,1,45,10,0.43535620052770446,0.023746701846965697
20040930_bush_kerry,178,BUSH,1523,264,0,0,0,,
20080926_obama_mccain,179,OBAMA,2189,398,5,511,85,0.5658291457286432,0.04668798538145272
20080926_obama_mccain,180,MCCAIN,2117,391,4,227,40,0.7157534246575342,0.026806802078412847
20080926_obama_mccain,181,OBAMA,1204,228,4,547,103,0.6200166112956811,0.1135797342192691
20080926_obama_mccain,182,MCCAIN,21,7,0,0,0,,
20080926_obama_mccain,183,MCCAIN,5,1,0,0,0,,
20080926_obama_mccain,184,MCCAIN,1332,228,3,669,115,0.28278278278278274,0.16741741741741745
20080926_obama_mccain,185,OBAMA,709,126,2,120,22,0.7933709449929478,0.08462623413258111
20080926_obama_mccain,186,OBAMA,29,7,0,0,0,,
20080926_obama_mccain,187,OBAMA,92,18,1,68,13,0.1956521739130435,0.7391304347826086
20080926_obama_mccain,188,MCCAIN,46,8,0,0,0,,
20080926_obama_mccain,189,OBAMA,518,92,1,74,13,0.6563706563706564,0.14285714285714285
20080926_obama_mccain,190,MCCAIN,807,141,1,93,15,0.3828996282527881,0.11524163568773234
20080926_obama_mccain,191,MCCAIN,1591,289,5,384,68,0.4045254556882464,0.048271527341294786
20080926_obama_mccain,192,OBAMA,1401,252,8,678,118,0.2905960028551035,0.06049250535331906
20080926_obama_mccain,193,MCCAIN,67,13,0,0,0,,
20080926_obama_mccain,194,MCCAIN,1223,222,6,400,71,0.40569637503406925,0.05451076587626056
20080926_obama_mccain,195,OBAMA,812,150,1,56,9,0.16009852216748768,0.06896551724137931
20080926_obama_mccain,196,OBAMA,252,46,1,73,13,0.08333333333333333,0.2896825396825397
20080926_obama_mccain,197,MCCAIN,1482,269,6,446,77,0.49021592442645073,0.050157444894287
20080926_obama_mccain,198,OBAMA,42,9,0,0,0,,
20080926_obama_mccain,199,OBAMA,1549,292,10,685,131,0.35771465461588126,0.04422207876049064
20080926_obama_mccain,200,MCCAIN,28,6,0,0,0,,
20080926_obama_mccain,201,MCCAIN,326,61,3,127,25,0.7893660531697342,0.1298568507157464
20080926_obama_mccain,202,OBAMA,56,10,1,49,9,0.10714285714285714,0.875
20080926_obama_mccain,203,MCCAIN,826,152,3,159,32,0.5823244552058111,0.06416464891041163
20080926_obama_mccain,204,OBAMA,39,7,0,0,0,,
20080926_obama_mccain,205,MCCAIN,50,11,0,0,0,,
20080926_obama_mccain,206,OBAMA,390,75,1,62,11,0.32051282051282054,0.15897435897435896
20080926_obama_mccain,207,MCCAIN,65,12,0,0,0,,
20080926_obama_mccain,208,OBAMA,349,65,2,130,25,0.43123209169054444,0.1862464183381089
20080926_obama_mccain,209,OBAMA,2267,416,3,371,63,0.36700485222761353,0.05455080135274224
20080926_obama_mccain,210,MCCAIN,1108,204,4,273,47,0.39846570397111913,0.06159747292418773
20080926_obama_mccain,211,MCCAIN,512,96,2,137,24,0.1611328125,0.1337890625
20080926_obama_mccain,212,OBAMA,82,19,0,0,0,,
20080926_obama_mccain,213,OBAMA,203,38,1,29,5,0.5911330049261084,0.14285714285714285
20080926_obama_mccain,214,OBAMA,1075,195,4,284,48,0.38627906976744186,0.06604651162790698
20080926_obama_mccain,215,MCCAIN,96,14,0,0,0,,
20080926_obama_mccain,216,MCCAIN,134,22,0,0,0,,
20080926_obama_mccain,217,OBAMA,612,115,2,84,16,0.6772875816993464,0.06862745098039216
20080926_obama_mccain,218,MCCAIN,840,153,5,331,59,0.3726190476190476,0.0788095238095238
20080926_obama_mccain,219,OBAMA,1207,227,2,234,42,0.46975973487986744,0.09693454846727423
20080926_obama_mccain,220,MCCAIN,1375,239,6,283,48,0.40084848484848484,0.0343030303030303
20080926_obama_mccain,221,OBAMA,528,98,2,166,30,0.4479166666666667,0.1571969696969697
20080926_obama_mccain,222,MCCAIN,482,91,1,158,31,0.24896265560165975,0.3278008298755187
20080926_obama_mccain,223,MCCAIN,709,126,3,59,15,0.5848613070051716,0.02773859896567936
20080926_obama_mccain,224,MCCAIN,666,128,1,22,5,0.8108108108108109,0.03303303303303303
20080926_obama_mccain,225,OBAMA,1727,329,8,402,78,0.5546467863346844,0.029096699478865083
20080926_obama_mccain,226,MCCAIN,739,134,4,370,67,0.6471583220568335,0.12516914749661703
20080926_obama_mccain,227,MCCAIN,132,23,2,116,20,0.3977272727272727,0.43939393939393934
20080926_obama_mccain,228,MCCAIN,24,4,0,0,0,,
20080926_obama_mccain,229,OBAMA,45,9,0,0,0,,
20080926_obama_mccain,230,OBAMA,1251,225,8,487,93,0.6355915267785771,0.04866107114308553
20080926_obama_mccain,231,OBAMA,290,59,0,0,0,,
20080926_obama_mccain,232,MCCAIN,759,137,4,290,50,0.5671936758893281,0.09552042160737813
20080926_obama_mccain,233,OBAMA,16,3,0,0,0,,
20080926_obama_mccain,234,MCCAIN,30,5,0,0,0,,
20080926_obama_mccain,235,OBAMA,16,3,0,0,0,,
20080926_obama_mccain,236,MCCAIN,343,62,0,0,0,,
20080926_obama_mccain,237,OBAMA,24,6,0,0,0,,
20080926_obama_mccain,238,MCCAIN,276,51,1,174,33,0.36594202898550726,0.6304347826086957
20080926_obama_mccain,239,OBAMA,1914,342,8,643,106,0.5431687565308255,0.041993207941483805
20080926_obama_mccain,240,MCCAIN,75,11,1,74,11,0.0,0.9866666666666667
20080926_obama_mccain,241,OBAMA,20,4,0,0,0,,
20080926_obama_mccain,242,MCCAIN,13,3,0,0,0,,
20080926_obama_mccain,243,OBAMA,31,6,0,0,0,,
20080926_obama_mccain,244,MCCAIN,32,5,0,0,0,,
20080926_obama_mccain,245,OBAMA,70,13,0,0,0,,
20080926_obama_mccain,246,MCCAIN,570,101,3,258,43,0.5444444444444444,0.15087719298245614
20080926_obama_mccain,247,MCCAIN,301,53,0,0,0,,
20080926_obama_mccain,248,OBAMA,2052,372,13,1018,189,0.4048208127155496,0.03816164342480132
20080926_obama_mccain,249,MCCAIN,2581,478,7,374,68,0.4298998173465434,0.02070072507887308
20080926_obama_mccain,250,OBAMA,1602,282,6,256,45,0.6328547648772368,0.02663337494798169
20080926_obama_mccain,251,MCCAIN,2565,487,9,453,82,0.35139701104613386,0.01962313190383366
20080926_obama_mccain,252,MCCAIN,322,71,0,0,0,,
20080926_obama_mccain,253,OBAMA,1372,241,2,119,20,0.6563411078717201,0.04336734693877551
20080926_obama_mccain,254,MCCAIN,914,156,3,84,13,0.4628008752735229,0.030634573304157548
20080926_obama_mccain,255,OBAMA,24,5,0,0,0,,
20080926_obama_mccain,256,MCCAIN,2083,365,7,448,77,0.6397366435772581,0.030724915986557848
20080926_obama_mccain,257,OBAMA,1855,328,6,341,57,0.3365678346810423,0.030637915543575922
20080926_obama_mccain,258,MCCAIN,1254,201,6,522,84,0.47793726741095166,0.06937799043062201
20080926_obama_mccain,259,OBAMA,413,79,1,51,9,0.09685230024213075,0.1234866828087167
20080926_obama_mccain,260,OBAMA,2195,388,10,657,112,0.5220956719817768,0.029931662870159453
20080926_obama_mccain,261,MCCAIN,10,2,0,0,0,,
20080926_obama_mccain,262,OBAMA,138,26,0,0,0,,
20080926_obama_mccain,263,MCCAIN,307,55,1,151,25,0.4364820846905538,0.49185667752442996
20080926_obama_mccain,264,OBAMA,14,3,0,0,0,,
20080926_obama_mccain,265,MCCAIN,1174,200,9,560,94,0.4097103918228279,0.0530001892863903
20080926_obama_mccain,266,OBAMA,807,135,1,69,10,0.40396530359355637,0.08550185873605948
20080926_obama_mccain,267,MCCAIN,166,33,0,0,0,,
20080926_obama_mccain,268,OBAMA,28,5,0,0,0,,
20080926_obama_mccain,269,MCCAIN,217,40,0,0,0,,
20080926_obama_mccain,270,OBAMA,20,5,0,0,0,,
20080926_obama_mccain,271,MCCAIN,80,16,0,0,0,,
20080926_obama_mccain,272,OBAMA,28,4,0,0,0,,
20080926_obama_mccain,273,MCCAIN,125,21,0,0,0,,
20080926_obama_mccain,274,MCCAIN,79,12,0,0,0,,
20080926_obama_mccain,275,OBAMA,23,5,0,0,0,,
20080926_obama_mccain,276,MCCAIN,31,5,0,0,0,,
20080926_obama_mccain,277,OBAMA,66,12,0,0,0,,
20080926_obama_mccain,278,OBAMA,2209,386,3,283,48,0.6628942206126452,0.04270408933152256
20080926_obama_mccain,279,MCCAIN,1212,205,7,541,83,0.5202734559170202,0.06376709099481377
20080926_obama_mccain,280,MCCAIN,1511,267,6,384,66,0.38263842929627173,0.042356055592322965
20080926_obama_mccain,281,OBAMA,2753,497,11,848,154,0.448700591090711,0.02800250965888452
20080926_obama_mccain,282,MCCAIN,138,23,1,91,14,0.30434782608695654,0.6594202898550725
20080926_obama_mccain,283,OBAMA,65,12,0,0,0,,
20080926_obama_mccain,284,MCCAIN,339,64,1,120,20,0.40707964601769914,0.35398230088495575
20080926_obama_mccain,285,OBAMA,82,16,0,0,0,,
20080926_obama_mccain,286,MCCAIN,49,10,0,0,0,,
20080926_obama_mccain,287,OBAMA,5,1,0,0,0,,
20080926_obama_mccain,288,MCCAIN,242,48,1,81,15,0.008264462809917356,0.3347107438016529
20080926_obama_mccain,289,OBAMA,199,41,2,97,21,0.34673366834170855,0.24371859296482412
20080926_obama_mccain,290,OBAMA,33,7,0,0,0,,
20080926_obama_mccain,291,OBAMA,11,2,0,0,0,,
20080926_obama_mccain,292,MCCAIN,47,10,1,46,10,0.0,0.9787234042553191
20080926_obama_mccain,293,OBAMA,33,7,0,0,0,,
20080926_obama_mccain,294,OBAMA,12,2,0,0,0,,
20080926_obama_mccain,295,MCCAIN,42,8,0,0,0,,
20080926_obama_mccain,296,OBAMA,97,18,0,0,0,,
20080926_obama_mccain,297,MCCAIN,1968,368,6,456,75,0.3862635501355014,0.038617886178861784
20080926_obama_mccain,298,OBAMA,1705,319,5,307,52,0.4124340175953079,0.03601173020527859
20080926_obama_mccain,299,OBAMA,414,77,0,0,0,,
20080926_obama_mccain,300,MCCAIN,1240,223,5,471,82,0.2533870967741935,0.07596774193548386
20080926_obama_mccain,301,OBAMA,1860,326,7,365,70,0.22012288786482334,0.02803379416282642
20080926_obama_mccain,302,MCCAIN,1412,259,1,140,23,0.0,0.09915014164305949
20080926_obama_mccain,303,OBAMA,964,195,0,0,0,,
20080926_obama_mccain,304,MCCAIN,491,95,2,116,20,0.31466395112016293,0.11812627291242361
20121003_obama_romney,305,OBAMA,2057,382,4,215,39,0.3401798736023335,0.02613028682547399
20121003_obama_romney,306,ROMNEY,1809,334,2,80,15,0.8231066887783306,0.02211166390270868
20121003_obama_romney,307,ROMNEY,389,67,0,0,0,,
20121003_obama_romney,308,OBAMA,1420,256,2,150,24,0.7545774647887324,0.0528169014084507
20121003_obama_romney,309,OBAMA,841,156,2,220,39,0.593935790725327,0.13079667063020214
20121003_obama_romney,310,ROMNEY,994,179,7,305,56,0.6386892785283127,0.043834435182523716
20121003_obama_romney,311,ROMNEY,2359,432,4,376,69,0.44245442984315386,0.03984739296311997
20121003_obama_romney,312,OBAMA,1223,222,5,430,80,0.5147996729354047,0.07031888798037612
20121003_obama_romney,313,OBAMA,252,43,1,251,43,0.0,0.996031746031746
20121003_obama_romney,314,OBAMA,640,111,2,141,23,0.5234375,0.11015625
20121003_obama_romney,315,ROMNEY,94,17,0,0,0,,
20121003_obama_romney,316,ROMNEY,1522,291,10,605,113,0.387976346911958,0.03975032851511169
20121003_obama_romney,317,ROMNEY,354,64,1,127,23,0.192090395480226,0.3587570621468927
20121003_obama_romney,318,OBAMA,1301,235,4,461,80,0.44350499615680244,0.08858570330514988
20121003_obama_romney,319,OBAMA,968,169,3,344,60,0.3567493112947659,0.11845730027548211
20121003_obama_romney,320,ROMNEY,67,15,0,0,0,,
20121003_obama_romney,321,ROMNEY,43,7,0,0,0,,
20121003_obama_romney,322,ROMNEY,19,4,0,0,0,,
20121003_obama_romney,323,ROMNEY,1535,279,7,619,118,0.3532805956258725,0.05760818985574686
20121003_obama_romney,324,OBAMA,938,176,4,225,41,0.7233475479744136,0.059968017057569295
20121003_obama_romney,325,OBAMA,601,108,2,61,12,0.11980033277870217,0.050748752079866885
20121003_obama_romney,326,ROMNEY,82,15,0,0,0,,
20121003_obama_romney,327,ROMNEY,143,27,0,0,0,,
20121003_obama_romney,328,ROMNEY,1196,231,7,541,106,0.43430482560917344,0.0646201624462494
20121003_obama_romney,329,ROMNEY,1377,261,3,125,26,0.6022754780924716,0.03025901718712176
20121003_obama_romney,330,OBAMA,10,3,0,0,0,,
20121003_obama_romney,331,ROMNEY,463,92,1,62,12,0.4924406047516199,0.13390928725701945
20121003_obama_romney,332,ROMNEY,515,89,4,233,43,0.6368932038834951,0.11310679611650486
20121003_obama_romney,333,OBAMA,2380,422,8,767,133,0.4557247899159664,0.040283613445378154
20121003_obama_romney,334,OBAMA,217,41,1,131,25,0.391705069124424,0.6036866359447005
20121003_obama_romney,335,OBAMA,62,14,0,0,0,,
20121003_obama_romney,336,OBAMA,6,1,0,0,0,,
20121003_obama_romney,337,ROMNEY,55,7,0,0,0,,
20121003_obama_romney,338,ROMNEY,195,38,0,0,0,,
20121003_obama_romney,339,OBAMA,128,22,1,70,12,0.4453125,0.546875
20121003_obama_romney,340,ROMNEY,67,11,0,0,0,,
20121003_obama_romney,341,ROMNEY,278,46,3,212,36,0.33093525179856115,0.25419664268585135
20121003_obama_romney,342,ROMNEY,1345,247,8,659,114,0.48754646840148697,0.0612453531598513
20121003_obama_romney,343,ROMNEY,3,1,0,0,0,,
20121003_obama_romney,344,OBAMA,39,6,0,0,0,,
20121003_obama_romney,345,OBAMA,124,21,0,0,0,,
20121003_obama_romney,346,ROMNEY,23,2,0,0,0,,
20121003_obama_romney,347,ROMNEY,577,106,2,118,20,0.5684575389948007,0.1022530329289428
20121003_obama_romney,348,OBAMA,1563,283,6,482,83,0.4799530816805289,0.051396886329707826
20121003_obama_romney,349,OBAMA,1302,243,3,226,43,0.2939068100358423,0.05785970302099334
20121003_obama_romney,350,ROMNEY,116,25,0,0,0,,
20121003_obama_romney,351,ROMNEY,299,56,2,180,33,0.5150501672240803,0.3010033444816054
20121003_obama_romney,352,OBAMA,20,5,0,0,0,,
20121003_obama_romney,353,ROMNEY,301,55,3,202,36,0.37209302325581395,0.2236987818383167
20121003_obama_romney,354,ROMNEY,790,159,2,171,33,0.5417721518987342,0.10822784810126582
20121003_obama_romney,355,ROMNEY,102,20,1,42,8,0.23529411764705882,0.4117647058823529
20121003_obama_romney,356,ROMNEY,1137,222,1,116,21,0.41424802110817943,0.10202286719437115
20121003_obama_romney,357,ROMNEY,132,25,0,0,0,,
20121003_obama_romney,358,OBAMA,3,1,0,0,0,,
20121003_obama_romney,359,OBAMA,1348,241,1,47,9,0.2922848664688427,0.034866468842729974
20121003_obama_romney,360,OBAMA,957,179,2,243,41,0.3829676071055381,0.12695924764890282
20121003_obama_romney,361,ROMNEY,2149,378,7,552,93,0.6174300339028119,0.03669480821644618
20121003_obama_romney,362,OBAMA,304,55,1,120,20,0.5427631578947368,0.39473684210526316
20121003_obama_romney,363,OBAMA,32,7,0,0,0,,
20121003_obama_romney,364,ROMNEY,25,4,0,0,0,,
20121003_obama_romney,365,OBAMA,13,2,0,0,0,,
20121003_obama_romney,366,ROMNEY,42,7,0,0,0,,
20121003_obama_romney,367,OBAMA,944,160,5,583,95,0.5411016949152543,0.12351694915254237
20121003_obama_romney,368,OBAMA,1019,183,5,456,80,0.5044160942100098,0.08949950932286556
20121003_obama_romney,369,ROMNEY,147,24,2,140,23,0.2857142857142857,0.4761904761904762
20121003_obama_romney,370,ROMNEY,473,91,3,164,31,0.7498238195912615,0.11557434813248767
20121003_obama_romney,371,ROMNEY,1271,248,3,233,48,0.5567794387621295,0.06110674009965906
20121003_obama_romney,372,OBAMA,993,179,4,246,39,0.499496475327291,0.061933534743202415
20121003_obama_romney,373,OBAMA,26,7,0,0,0,,
20121003_obama_romney,374,OBAMA,7,2,0,0,0,,
20121003_obama_romney,375,ROMNEY,62,14,0,0,0,,
20121003_obama_romney,376,OBAMA,49,10,0,0,0,,
20121003_obama_romney,377,OBAMA,10,2,0,0,0,,
20121003_obama_romney,378,ROMNEY,27,5,0,0,0,,
20121003_obama_romney,379,ROMNEY,39,6,0,0,0,,
20121003_obama_romney,380,ROMNEY,98,17,1,97,17,0.0,0.9897959183673469
20121003_obama_romney,381,ROMNEY,85,16,0,0,0,,
20121003_obama_romney,382,ROMNEY,115,21,1,80,15,0.2956521739130435,0.6956521739130435
20121003_obama_romney,383,ROMNEY,11,1,0,0,0,,
20121003_obama_romney,384,ROMNEY,11,1,0,0,0,,
20121003_obama_romney,385,OBAMA,11,1,0,0,0,,
20121003_obama_romney,386,ROMNEY,431,78,0,0,0,,
20121003_obama_romney,387,ROMNEY,38,7,0,0,0,,
20121003_obama_romney,388,ROMNEY,753,130,2,184,30,0.6766268260292165,0.12217795484727756
20121003_obama_romney,389,ROMNEY,249,46,0,0,0,,
20121003_obama_romney,390,ROMNEY,81,15,0,0,0,,
20121003_obama_romney,391,OBAMA,1141,208,4,349,60,0.3624014022787029,0.07646801051709028
20121003_obama_romney,392,OBAMA,656,120,3,214,38,0.2759146341463415,0.10873983739837399
20121003_obama_romney,393,ROMNEY,1389,240,5,343,61,0.3337652987760979,0.049388048956083515
20121003_obama_romney,394,ROMNEY,2046,375,8,638,114,0.563233137829912,0.038978494623655914
20121003_obama_romney,395,OBAMA,1891,324,9,761,130,0.45455079616898764,0.044714730595217106
20121003_obama_romney,396,OBAMA,523,95,1,24,4,0.6290630975143403,0.045889101338432124
20121003_obama_romney,397,ROMNEY,48,8,0,0,0,,
20121003_obama_romney,398,ROMNEY,1003,172,9,552,95,0.6486097263764263,0.06114988368228648
20121003_obama_romney,399,ROMNEY,1115,200,4,386,69,0.35739910313901346,0.08654708520179372
20121003_obama_romney,400,OBAMA,2667,487,13,758,143,0.4449539961350985,0.021862651783911627
20121003_obama_romney,401,OBAMA,379,62,2,236,37,0.5356200527704486,0.3113456464379947
20121003_obama_romney,402,OBAMA,40,8,0,0,0,,
20121003_obama_romney,403,ROMNEY,5,1,0,0,0,,
20121003_obama_romney,404,ROMNEY,672,122,4,318,57,0.32961309523809523,0.11830357142857142
20121003_obama_romney,405,ROMNEY,1168,205,1,71,14,0.6558219178082192,0.06078767123287671
20121003_obama_romney,406,ROMNEY,297,51,1,67,13,0.4511784511784512,0.2255892255892256
20121003_obama_romney,407,OBAMA,1300,227,6,699,121,0.407051282051282,0.08961538461538461
20121003_obama_romney,408,OBAMA,1029,187,6,299,54,0.23517978620019434,0.04842889536767087
20121003_obama_romney,409,ROMNEY,34,9,0,0,0,,
20121003_obama_romney,410,ROMNEY,1845,338,6,311,59,0.5137308039747064,0.028093947606142727
20121003_obama_romney,411,OBAMA,47,7,0,0,0,,
20121003_obama_romney,412,OBAMA,640,110,0,0,0,,
20121003_obama_romney,413,OBAMA,1608,279,4,378,62,0.5199004975124378,0.058768656716417914
20121003_obama_romney,414,ROMNEY,478,80,1,50,10,0.10460251046025104,0.10460251046025104
20121003_obama_romney,415,ROMNEY,1689,306,5,224,45,0.7362936648904677,0.026524570751924215
20121003_obama_romney,416,ROMNEY,76,16,0,0,0,,
20121003_obama_romney,417,ROMNEY,936,190,0,0,0,,
20121003_obama_romney,418,OBAMA,230,39,0,0,0,,
20121003_obama_romney,419,OBAMA,654,116,5,340,57,0.5009174311926606,0.10397553516819572
20121003_obama_romney,420,OBAMA,354,62,0,0,0,,
20121003_obama_romney,421,OBAMA,41,7,0,0,0,,
20121003_obama_romney,422,OBAMA,1506,270,3,297,52,0.3769366976538291,0.06573705179282868
20121003_obama_romney,423,ROMNEY,2000,366,8,479,92,0.3481875,0.0299375
20121003_obama_romney,424,OBAMA,24,5,0,0,0,,
20121003_obama_romney,425,ROMNEY,338,71,3,110,22,0.6745562130177515,0.10848126232741617
20121003_obama_romney,426,ROMNEY,775,146,0,0,0,,
20121003_obama_romney,427,ROMNEY,272,50,0,0,0,,
20121003_obama_romney,428,OBAMA,1792,323,8,452,81,0.38943917410714285,0.031529017857142856
20121003_obama_romney,429,OBAMA,335,66,1,175,33,0.4746268656716418,0.5223880597014925
20121003_obama_romney,430,OBAMA,2228,405,1,55,8,0.5426391382405745,0.024685816876122084
20121003_obama_romney,431,ROMNEY,2365,421,9,522,87,0.7170307728447264,0.02452431289640592
20160926_trump_clinton,432,CLINTON,31,5,0,0,0,,
20160926_trump_clinton,433,CLINTON,1839,334,0,0,0,,
20160926_trump_clinton,434,TRUMP,2083,377,11,567,94,0.4163575262951163,0.024745777506219178
20160926_trump_clinton,435,CLINTON,1668,306,3,227,41,0.5061950439648282,0.04536370903277378
20160926_trump_clinton,436,TRUMP,1498,270,8,310,58,0.39485981308411217,0.025867823765020025
20160926_trump_clinton,437,TRUMP,327,56,1,19,4,0.8287461773700305,0.0581039755351682
20160926_trump_clinton,438,TRUMP,847,160,7,200,34,0.3703828638893574,0.0337325012649688
20160926_trump_clinton,439,CLINTON,551,104,4,374,72,0.45235934664246824,0.16969147005444646
20160926_trump_clinton,440,TRUMP,35,6,0,0,0,,
20160926_trump_clinton,441,CLINTON,1147,207,7,439,75,0.4093909577780545,0.05467679661228048
20160926_trump_clinton,442,TRUMP,40,11,0,0,0,,
20160926_trump_clinton,443,CLINTON,24,5,0,0,0,,
20160926_trump_clinton,444,TRUMP,18,5,0,0,0,,
20160926_trump_clinton,445,CLINTON,593,117,2,99,20,0.2360876897133221,0.08347386172006746
20160926_trump_clinton,446,TRUMP,1231,235,7,431,82,0.2977834513171637,0.05001740745038876
20160926_trump_clinton,447,CLINTON,15,2,0,0,0,,
20160926_trump_clinton,448,TRUMP,74,14,0,0,0,,
20160926_trump_clinton,449,CLINTON,54,10,0,0,0,,
20160926_trump_clinton,450,TRUMP,19,4,0,0,0,,
20160926_trump_clinton,451,CLINTON,159,34,0,0,0,,
20160926_trump_clinton,452,TRUMP,36,5,1,17,3,0.16666666666666666,0.4722222222222222
20160926_trump_clinton,453,CLINTON,38,7,0,0,0,,
20160926_trump_clinton,454,TRUMP,86,15,1,17,3,0.0,0.19767441860465115
20160926_trump_clinton,455,CLINTON,1030,199,5,214,37,0.41825242718446604,0.04155339805825243
20160926_trump_clinton,456,TRUMP,74,17,0,0,0,,
20160926_trump_clinton,457,CLINTON,34,6,1,19,4,0.17647058823529413,0.5588235294117647
20160926_trump_clinton,458,TRUMP,41,8,0,0,0,,
20160926_trump_clinton,459,CLINTON,37,8,1,32,7,0.10810810810810811,0.8648648648648649
20160926_trump_clinton,460,TRUMP,10,2,0,0,0,,
20160926_trump_clinton,461,CLINTON,22,6,0,0,0,,
20160926_trump_clinton,462,TRUMP,110,18,1,25,4,0.0,0.22727272727272727
20160926_trump_clinton,463,CLINTON,48,8,0,0,0,,
20160926_trump_clinton,464,TRUMP,587,108,2,126,21,0.36201022146507666,0.10732538330494037
20160926_trump_clinton,465,CLINTON,132,26,1,75,15,0.25,0.5681818181818182
20160926_trump_clinton,466,TRUMP,44,7,1,31,6,0.0,0.7045454545454546
20160926_trump_clinton,467,TRUMP,95,18,2,92,18,0.25263157894736843,0.4842105263157895
20160926_trump_clinton,468,CLINTON,3,1,0,0,0,,
20160926_trump_clinton,469,TRUMP,81,18,0,0,0,,
20160926_trump_clinton,470,CLINTON,162,34,1,41,11,0.5679012345679012,0.25308641975308643
20160926_trump_clinton,471,TRUMP,4,1,0,0,0,,
20160926_trump_clinton,472,CLINTON,88,18,2,60,13,0.3409090909090909,0.34090909090909094
20160926_trump_clinton,473,TRUMP,33,6,0,0,0,,
20160926_trump_clinton,474,CLINTON,28,5,0,0,0,,
20160926_trump_clinton,475,TRUMP,30,5,0,0,0,,
20160926_trump_clinton,476,CLINTON,28,4,0,0,0,,
20160926_trump_clinton,477,TRUMP,41,6,0,0,0,,
20160926_trump_clinton,478,CLINTON,10,2,0,0,0,,
20160926_trump_clinton,479,TRUMP,24,4,0,0,0,,
20160926_trump_clinton,480,CLINTON,317,60,1,47,10,0.8485804416403786,0.14826498422712933
20160926_trump_clinton,481,TRUMP,21,5,0,0,0,,
20160926_trump_clinton,482,CLINTON,20,5,0,0,0,,
20160926_trump_clinton,483,TRUMP,28,5,0,0,0,,
20160926_trump_clinton,484,CLINTON,117,22,0,0,0,,
20160926_trump_clinton,485,TRUMP,36,5,0,0,0,,
20160926_trump_clinton,486,CLINTON,28,7,0,0,0,,
20160926_trump_clinton,487,CLINTON,440,79,2,120,22,0.7568181818181818,0.13636363636363635
20160926_trump_clinton,488,TRUMP,992,180,10,389,71,0.5188508064516129,0.039213709677419356
20160926_trump_clinton,489,CLINTON,39,7,0,0,0,,
20160926_trump_clinton,490,CLINTON,80,17,0,0,0,,
20160926_trump_clinton,491,TRUMP,6,1,0,0,0,,
20160926_trump_clinton,492,CLINTON,218,41,0,0,0,,
20160926_trump_clinton,493,TRUMP,46,10,0,0,0,,
20160926_trump_clinton,494,CLINTON,399,74,4,240,45,0.3458646616541353,0.15037593984962405
20160926_trump_clinton,495,TRUMP,48,8,0,0,0,,
20160926_trump_clinton,496,TRUMP,75,16,0,0,0,,
20160926_trump_clinton,497,TRUMP,41,7,1,40,7,0.0,0.975609756097561
20160926_trump_clinton,498,TRUMP,243,46,2,104,22,0.411522633744856,0.2139917695473251
20160926_trump_clinton,499,CLINTON,43,10,1,27,7,0.3488372093023256,0.627906976744186
20160926_trump_clinton,500,TRUMP,59,11,1,50,9,0.13559322033898305,0.847457627118644
20160926_trump_clinton,501,CLINTON,29,6,0,0,0,,
20160926_trump_clinton,502,TRUMP,147,24,2,98,17,0.35034013605442177,0.3333333333333333
20160926_trump_clinton,503,CLINTON,61,9,0,0,0,,
20160926_trump_clinton,504,TRUMP,1841,321,8,303,51,0.4923275393807713,0.020573058120586636
20160926_trump_clinton,505,CLINTON,110,21,0,0,0,,
20160926_trump_clinton,506,TRUMP,8,2,0,0,0,,
20160926_trump_clinton,507,CLINTON,143,27,0,0,0,,
20160926_trump_clinton,508,TRUMP,96,15,0,0,0,,
20160926_trump_clinton,509,TRUMP,4,1,0,0,0,,
20160926_trump_clinton,510,CLINTON,287,48,1,24,5,0.9128919860627178,0.08362369337979095
20160926_trump_clinton,511,TRUMP,24,5,0,0,0,,
20160926_trump_clinton,512,CLINTON,275,53,2,121,25,0.35818181818181816,0.22000000000000003
20160926_trump_clinton,513,TRUMP,72,13,0,0,0,,
20160926_trump_clinton,514,CLINTON,86,17,1,38,7,0.023255813953488372,0.4418604651162791
20160926_trump_clinton,515,TRUMP,33,7,0,0,0,,
20160926_trump_clinton,516,CLINTON,8,3,0,0,0,,
20160926_trump_clinton,517,TRUMP,17,3,0,0,0,,
20160926_trump_clinton,518,CLINTON,758,133,0,0,0,,
20160926_trump_clinton,519,TRUMP,1026,189,1,66,12,0.24171539961013644,0.06432748538011696
20160926_trump_clinton,520,TRUMP,1025,181,4,254,47,0.3360975609756098,0.06195121951219512
20160926_trump_clinton,521,TRUMP,10,2,0,0,0,,
20160926_trump_clinton,522,TRUMP,1000,184,4,161,31,0.2915,0.04025
20160926_trump_clinton,523,TRUMP,80,14,1,17,3,0.775,0.2125
20160926_trump_clinton,524,CLINTON,1074,199,7,478,89,0.5218143123171056,0.06358073955839319
20160926_trump_clinton,525,TRUMP,20,4,0,0,0,,
20160926_trump_clinton,526,CLINTON,913,168,2,90,18,0.39320920043811614,0.04928806133625411
20160926_trump_clinton,527,CLINTON,56,12,0,0,0,,
20160926_trump_clinton,528,TRUMP,16,3,0,0,0,,
20160926_trump_clinton,529,CLINTON,165,33,0,0,0,,
20160926_trump_clinton,530,TRUMP,2685,496,12,405,77,0.5280571073867163,0.012569832402234637
20160926_trump_clinton,531,CLINTON,130,24,1,58,12,0.13846153846153847,0.4461538461538462
20160926_trump_clinton,532,TRUMP,40,7,0,0,0,,
20160926_trump_clinton,533,CLINTON,765,141,3,244,50,0.5511982570806101,0.10631808278867101
20160926_trump_clinton,534,TRUMP,66,14,0,0,0,,
20160926_trump_clinton,535,CLINTON,9,2,0,0,0,,
20160926_trump_clinton,536,TRUMP,33,6,0,0,0,,
20160926_trump_clinton,537,CLINTON,767,138,4,317,57,0.41297262059973927,0.10332464146023468
20160926_trump_clinton,538,TRUMP,13,2,0,0,0,,
20160926_trump_clinton,539,CLINTON,160,25,0,0,0,,
20160926_trump_clinton,540,CLINTON,40,9,0,0,0,,
20160926_trump_clinton,541,TRUMP,1782,333,3,164,35,0.5843621399176955,0.0306771417882529
20160926_trump_clinton,542,CLINTON,1758,316,3,418,70,0.41751990898748575,0.07925673113386424
20160926_trump_clinton,543,TRUMP,2063,372,11,706,115,0.6408584144890495,0.0311109152602124
20160926_trump_clinton,544,TRUMP,289,54,3,160,28,0.4348327566320646,0.1845444059976932
20160926_trump_clinton,545,TRUMP,1154,194,4,235,38,0.5363951473136915,0.05090987868284229
20160926_trump_clinton,546,TRUMP,267,46,1,94,14,0.36704119850187267,0.352059925093633
20160926_trump_clinton,547,CLINTON,168,28,0,0,0,,
20160926_trump_clinton,548,TRUMP,4,1,0,0,0,,
20160926_trump_clinton,549,CLINTON,2366,431,8,575,99,0.4731614539306847,0.03037827557058326
20160926_trump_clinton,550,CLINTON,974,176,0,0,0,,
20160926_trump_clinton,551,TRUMP,28,6,0,0,0,,
20160926_trump_clinton,552,TRUMP,1735,328,7,340,61,0.5650061753808152,0.02799505969534788
20160926_trump_clinton,553,CLINTON,156,28,1,71,11,0.4551282051282051,0.4551282051282051
20160926_trump_clinton,554,TRUMP,31,5,0,0,0,,
20160926_trump_clinton,555,CLINTON,12,3,0,0,0,,
20160926_trump_clinton,556,TRUMP,40,8,1,14,3,0.0,0.35
20160926_trump_clinton,557,CLINTON,765,138,0,0,0,,
20160926_trump_clinton,558,TRUMP,37,8,0,0,0,,
20160926_trump_clinton,559,TRUMP,25,5,0,0,0,,
20160926_trump_clinton,560,TRUMP,483,78,2,130,22,0.7753623188405797,0.13457556935817805
20160926_trump_clinton,561,CLINTON,19,4,0,0,0,,
20160926_trump_clinton,562,TRUMP,446,83,0,0,0,,
20160926_trump_clinton,563,CLINTON,208,38,0,0,0,,
20160926_trump_clinton,564,TRUMP,741,130,3,198,33,0.5991902834008097,0.08906882591093117
20160926_trump_clinton,565,TRUMP,247,51,0,0,0,,
20160926_trump_clinton,566,TRUMP,5,1,0,0,0,,
20160926_trump_clinton,567,TRUMP,599,109,3,107,20,0.5158597662771286,0.05954368391764051
20160926_trump_clinton,568,TRUMP,576,109,0,0,0,,
20160926_trump_clinton,569,CLINTON,1454,260,5,456,77,0.447455295735901,0.06272352132049519
20160926_trump_clinton,570,TRUMP,1878,347,7,408,73,0.4410467062224251,0.031036056595162027
20160926_trump_clinton,571,CLINTON,1913,328,4,372,61,0.4317825405122844,0.048614741244119186
20160926_trump_clinton,572,CLINTON,152,26,0,0,0,,
20160926_trump_clinton,573,TRUMP,2350,434,7,316,56,0.2378723404255319,0.019209726443768997
20160926_trump_clinton,574,CLINTON,1343,246,3,367,63,0.4949118888061554,0.09108960039712088
20160926_trump_clinton,575,TRUMP,1015,193,1,42,8,0.8285714285714286,0.041379310344827586
20160926_trump_clinton,576,CLINTON,120,20,1,37,6,0.6833333333333333,0.30833333333333335
20160926_trump_clinton,577,TRUMP,6,1,0,0,0,,
20160926_trump_clinton,578,CLINTON,46,8,0,0,0,,
20160926_trump_clinton,579,TRUMP,13,2,0,0,0,,
20160926_trump_clinton,580,CLINTON,2017,349,6,456,77,0.40505701536936045,0.03767972235994051
20160926_trump_clinton,581,TRUMP,24,5,0,0,0,,
20160926_trump_clinton,582,TRUMP,2359,447,6,220,44,0.6098629362724318,0.015543309311855305
20160926_trump_clinton,583,CLINTON,22,3,0,0,0,,
20160926_trump_clinton,584,TRUMP,18,4,0,0,0,,
20160926_trump_clinton,585,CLINTON,26,4,0,0,0,,
20160926_trump_clinton,586,TRUMP,321,58,1,25,5,0.7663551401869159,0.0778816199376947
20160926_trump_clinton,587,TRUMP,34,8,1,33,8,0.0,0.9705882352941176
20160926_trump_clinton,588,TRUMP,133,23,0,0,0,,
20160926_trump_clinton,589,TRUMP,28,5,0,0,0,,
20160926_trump_clinton,590,TRUMP,69,16,1,29,7,0.21739130434782608,0.42028985507246375
20160926_trump_clinton,591,TRUMP,30,6,0,0,0,,
20160926_trump_clinton,592,TRUMP,562,100,0,0,0,,
20160926_trump_clinton,593,TRUMP,1018,188,3,113,25,0.2966601178781925,0.03700065487884741
20160926_trump_clinton,594,TRUMP,36,8,0,0,0,,
20160926_trump_clinton,595,TRUMP,485,85,1,59,10,0.4144329896907217,0.12164948453608247
20160926_trump_clinton,596,TRUMP,216,39,0,0,0,,
20160926_trump_clinton,597,CLINTON,1562,274,6,526,100,0.49829278702518137,0.056124626547161764
20160926_trump_clinton,598,TRUMP,27,6,0,0,0,,
20160926_trump_clinton,599,CLINTON,94,16,0,0,0,,
20160926_trump_clinton,600,TRUMP,26,5,0,0,0,,
20160926_trump_clinton,601,CLINTON,426,75,2,262,44,0.2863849765258216,0.3075117370892019
20160926_trump_clinton,602,TRUMP,6,1,0,0,0,,
20160926_trump_clinton,603,CLINTON,26,6,0,0,0,,
20160926_trump_clinton,604,TRUMP,10,2,0,0,0,,
20160926_trump_clinton,605,CLINTON,406,72,0,0,0,,
20160926_trump_clinton,606,TRUMP,66,14,0,0,0,,
20160926_trump_clinton,607,CLINTON,66,11,0,0,0,,
20160926_trump_clinton,608,TRUMP,901,161,7,145,29,0.5485967972094498,0.0229903282067544
20160926_trump_clinton,609,TRUMP,182,36,1,38,7,0.6428571428571429,0.2087912087912088
20160926_trump_clinton,610,TRUMP,100,19,0,0,0,,
20160926_trump_clinton,611,TRUMP,1976,363,4,127,23,0.6634615384615384,0.016067813765182185
20160926_trump_clinton,612,TRUMP,122,23,0,0,0,,
20160926_trump_clinton,613,CLINTON,1903,356,1,63,11,0.5412506568575933,0.03310562270099842
20160926_trump_clinton,614,CLINTON,39,8,0,0,0,,
20160926_trump_clinton,615,TRUMP,34,7,0,0,0,,
20160926_trump_clinton,616,TRUMP,366,70,1,76,14,0.7896174863387978,0.20765027322404372
20160926_trump_clinton,617,TRUMP,232,45,1,46,8,0.41379310344827586,0.19827586206896552
20160926_trump_clinton,618,TRUMP,43,9,0,0,0,,
20160926_trump_clinton,619,TRUMP,409,79,0,0,0,,
20160926_trump_clinton,620,TRUMP,202,36,0,0,0,,
20160926_trump_clinton,621,TRUMP,519,99,3,66,10,0.590237636480411,0.04238921001926782
20160926_trump_clinton,622,CLINTON,291,50,0,0,0,,
20160926_trump_clinton,623,TRUMP,552,96,1,36,7,0.5,0.06521739130434782
20160926_trump_clinton,624,CLINTON,35,6,0,0,0,,
20160926_trump_clinton,625,CLINTON,195,37,2,96,17,0.5,0.24615384615384617
20160926_trump_clinton,626,TRUMP,18,4,0,0,0,,
20160926_trump_clinton,627,CLINTON,69,15,0,0,0,,
20160926_trump_clinton,628,TRUMP,18,4,0,0,0,,
20160926_trump_clinton,629,CLINTON,268,48,2,91,15,0.6194029850746269,0.1697761194029851
20160926_trump_clinton,630,TRUMP,49,10,0,0,0,,
20160926_trump_clinton,631,CLINTON,27,5,0,0,0,,
20160926_trump_clinton,632,TRUMP,24,5,0,0,0,,
20160926_trump_clinton,633,CLINTON,51,11,0,0,0,,
20160926_trump_clinton,634,TRUMP,11,2,0,0,0,,
20160926_trump_clinton,635,CLINTON,36,7,0,0,0,,
20160926_trump_clinton,636,TRUMP,42,8,0,0,0,,
20160926_trump_clinton,637,TRUMP,353,63,0,0,0,,
20160926_trump_clinton,638,TRUMP,547,101,2,95,18,0.5155393053016453,0.08683729433272395
20160926_trump_clinton,639,TRUMP,103,17,1,30,4,0.5922330097087378,0.2912621359223301
20160926_trump_clinton,640,CLINTON,485,93,0,0,0,,
20160926_trump_clinton,641,TRUMP,504,91,5,188,35,0.5678571428571428,0.0746031746031746
20160926_trump_clinton,642,TRUMP,190,36,0,0,0,,
20200929_trump_biden,643,BIDEN,19,4,0,0,0,,
20200929_trump_biden,644,TRUMP,18,4,0,0,0,,
20200929_trump_biden,645,BIDEN,9,2,0,0,0,,
20200929_trump_biden,646,TRUMP,1352,254,5,230,42,0.4590236686390533,0.034023668639053255
20200929_trump_biden,647,BIDEN,88,16,0,0,0,,
20200929_trump_biden,648,TRUMP,15,3,0,0,0,,
20200929_trump_biden,649,BIDEN,1921,345,9,569,100,0.5605876568916652,0.03291109954306207
20200929_trump_biden,650,TRUMP,449,81,1,66,9,0.0,0.14699331848552338
20200929_trump_biden,651,BIDEN,34,6,0,0,0,,
20200929_trump_biden,652,TRUMP,374,65,2,118,18,0.5481283422459893,0.15775401069518716
20200929_trump_biden,653,BIDEN,23,4,0,0,0,,
20200929_trump_biden,654,TRUMP,78,11,0,0,0,,
20200929_trump_biden,655,BIDEN,16,2,0,0,0,,
20200929_trump_biden,656,BIDEN,348,67,2,116,21,0.39798850574712646,0.16666666666666669
20200929_trump_biden,657,TRUMP,67,13,0,0,0,,
20200929_trump_biden,658,BIDEN,21,5,0,0,0,,
20200929_trump_biden,659,TRUMP,94,15,1,66,10,0.2872340425531915,0.7021276595744681
20200929_trump_biden,660,BIDEN,54,11,0,0,0,,
20200929_trump_biden,661,TRUMP,54,10,0,0,0,,
20200929_trump_biden,662,BIDEN,36,7,0,0,0,,
20200929_trump_biden,663,TRUMP,24,4,0,0,0,,
20200929_trump_biden,664,BIDEN,417,75,3,142,23,0.4828137490007994,0.11350919264588329
20200929_trump_biden,665,TRUMP,143,23,1,97,14,0.11188811188811189,0.6783216783216783
20200929_trump_biden,666,BIDEN,29,6,0,0,0,,
20200929_trump_biden,667,TRUMP,207,41,3,89,18,0.6972624798711755,0.143317230273752
20200929_trump_biden,668,TRUMP,48,9,0,0,0,,
20200929_trump_biden,669,TRUMP,39,6,0,0,0,,
20200929_trump_biden,670,BIDEN,43,10,0,0,0,,
20200929_trump_biden,671,BIDEN,203,42,1,44,9,0.1625615763546798,0.21674876847290642
20200929_trump_biden,672,TRUMP,110,24,0,0,0,,
20200929_trump_biden,673,BIDEN,32,7,0,0,0,,
20200929_trump_biden,674,TRUMP,17,4,0,0,0,,
20200929_trump_biden,675,BIDEN,13,3,0,0,0,,
20200929_trump_biden,676,TRUMP,32,4,0,0,0,,
20200929_trump_biden,677,BIDEN,44,9,0,0,0,,
20200929_trump_biden,678,TRUMP,65,14,0,0,0,,
20200929_trump_biden,679,BIDEN,10,2,0,0,0,,
20200929_trump_biden,680,TRUMP,13,2,0,0,0,,
20200929_trump_biden,681,TRUMP,42,7,0,0,0,,
20200929_trump_biden,682,BIDEN,16,2,0,0,0,,
20200929_trump_biden,683,TRUMP,55,10,0,0,0,,
20200929_trump_biden,684,TRUMP,83,16,2,69,14,0.35542168674698793,0.41566265060240964
20200929_trump_biden,685,TRUMP,69,13,0,0,0,,
20200929_trump_biden,686,TRUMP,44,8,0,0,0,,
20200929_trump_biden,687,TRUMP,86,14,1,65,10,0.23255813953488372,0.7558139534883721
20200929_trump_biden,688,TRUMP,44,10,0,0,0,,
20200929_trump_biden,689,TRUMP,9,2,0,0,0,,
20200929_trump_biden,690,TRUMP,464,82,4,110,21,0.5544181034482759,0.059267241379310345
20200929_trump_biden,691,TRUMP,34,7,0,0,0,,
20200929_trump_biden,692,BIDEN,27,5,0,0,0,,
20200929_trump_biden,693,TRUMP,391,73,3,147,31,0.5916453537936914,0.12531969309462915
20200929_trump_biden,694,TRUMP,18,4,0,0,0,,
20200929_trump_biden,695,BIDEN,4,1,0,0,0,,
20200929_trump_biden,696,BIDEN,10,3,0,0,0,,
20200929_trump_biden,697,TRUMP,44,9,0,0,0,,
20200929_trump_biden,698,BIDEN,372,66,2,160,27,0.6155913978494624,0.2150537634408602
20200929_trump_biden,699,TRUMP,122,21,2,98,16,0.3770491803278689,0.4016393442622951
20200929_trump_biden,700,BIDEN,10,2,0,0,0,,
20200929_trump_biden,701,TRUMP,32,6,0,0,0,,
20200929_trump_biden,702,BIDEN,80,17,1,21,4,0.725,0.2625
20200929_trump_biden,703,TRUMP,12,3,0,0,0,,
20200929_trump_biden,704,BIDEN,36,10,0,0,0,,
20200929_trump_biden,705,TRUMP,12,3,0,0,0,,
20200929_trump_biden,706,BIDEN,40,7,0,0,0,,
20200929_trump_biden,707,TRUMP,79,14,0,0,0,,
20200929_trump_biden,708,BIDEN,23,6,0,0,0,,
20200929_trump_biden,709,TRUMP,37,7,0,0,0,,
20200929_trump_biden,710,BIDEN,82,17,0,0,0,,
20200929_trump_biden,711,TRUMP,10,2,0,0,0,,
20200929_trump_biden,712,BIDEN,35,7,0,0,0,,
20200929_trump_biden,713,TRUMP,10,2,0,0,0,,
20200929_trump_biden,714,BIDEN,169,33,0,0,0,,
20200929_trump_biden,715,TRUMP,94,18,1,56,11,0.39361702127659576,0.5957446808510638
20200929_trump_biden,716,BIDEN,25,6,0,0,0,,
20200929_trump_biden,717,BIDEN,35,8,0,0,0,,
20200929_trump_biden,718,TRUMP,54,9,0,0,0,,
20200929_trump_biden,719,BIDEN,50,10,0,0,0,,
20200929_trump_biden,720,TRUMP,57,9,1,48,8,0.14035087719298245,0.8421052631578947
20200929_trump_biden,721,BIDEN,34,6,1,21,4,0.0,0.6176470588235294
20200929_trump_biden,722,BIDEN,11,2,0,0,0,,
20200929_trump_biden,723,TRUMP,22,5,0,0,0,,
20200929_trump_biden,724,BIDEN,11,2,0,0,0,,
20200929_trump_biden,725,TRUMP,161,28,2,131,22,0.38198757763975155,0.40683229813664595
20200929_trump_biden,726,BIDEN,73,14,0,0,0,,
20200929_trump_biden,727,TRUMP,15,3,0,0,0,,
20200929_trump_biden,728,BIDEN,342,62,4,258,46,0.5087719298245614,0.18859649122807018
20200929_trump_biden,729,TRUMP,94,18,0,0,0,,
20200929_trump_biden,730,BIDEN,52,11,0,0,0,,
20200929_trump_biden,731,TRUMP,22,4,0,0,0,,
20200929_trump_biden,732,BIDEN,28,6,1,27,6,0.0,0.9642857142857143
20200929_trump_biden,733,TRUMP,107,19,0,0,0,,
20200929_trump_biden,734,TRUMP,819,158,5,143,22,0.40757020757020757,0.03492063492063492
20200929_trump_biden,735,TRUMP,9,2,0,0,0,,
20200929_trump_biden,736,TRUMP,5,1,0,0,0,,
20200929_trump_biden,737,BIDEN,30,6,1,29,6,0.0,0.9666666666666667
20200929_trump_biden,738,TRUMP,17,4,0,0,0,,
20200929_trump_biden,739,BIDEN,358,64,5,154,31,0.48156424581005586,0.08603351955307262
20200929_trump_biden,740,BIDEN,5,1,0,0,0,,
20200929_trump_biden,741,BIDEN,208,37,0,0,0,,
20200929_trump_biden,742,TRUMP,32,7,0,0,0,,
20200929_trump_biden,743,BIDEN,9,2,0,0,0,,
20200929_trump_biden,744,TRUMP,32,7,0,0,0,,
20200929_trump_biden,745,BIDEN,55,10,0,0,0,,
20200929_trump_biden,746,TRUMP,39,7,0,0,0,,
20200929_trump_biden,747,BIDEN,37,7,0,0,0,,
20200929_trump_biden,748,TRUMP,105,19,1,65,13,0.37142857142857144,0.6190476190476191
20200929_trump_biden,749,BIDEN,22,5,0,0,0,,
20200929_trump_biden,750,TRUMP,53,11,0,0,0,,
20200929_trump_biden,751,BIDEN,27,4,0,0,0,,
20200929_trump_biden,752,TRUMP,61,14,1,28,6,0.0,0.45901639344262296
20200929_trump_biden,753,BIDEN,67,11,0,0,0,,
20200929_trump_biden,754,TRUMP,27,4,0,0,0,,
20200929_trump_biden,755,BIDEN,13,3,0,0,0,,
20200929_trump_biden,756,TRUMP,50,7,0,0,0,,
20200929_trump_biden,757,BIDEN,798,156,9,450,88,0.3338902812587023,0.06265664160401002
20200929_trump_biden,758,BIDEN,196,41,2,178,37,0.451530612244898,0.45408163265306123
20200929_trump_biden,759,TRUMP,6,1,0,0,0,,
20200929_trump_biden,760,BIDEN,221,46,2,97,20,0.5294117647058824,0.21945701357466063
20200929_trump_biden,761,TRUMP,6,1,0,0,0,,
20200929_trump_biden,762,TRUMP,14,3,0,0,0,,
20200929_trump_biden,763,BIDEN,561,112,3,138,30,0.22756981580510993,0.0819964349376114
20200929_trump_biden,764,TRUMP,37,8,0,0,0,,
20200929_trump_biden,765,TRUMP,705,130,8,352,66,0.4372340425531915,0.062411347517730496
20200929_trump_biden,766,TRUMP,814,144,7,383,66,0.4959634959634959,0.06721656721656721
20200929_trump_biden,767,TRUMP,466,94,0,0,0,,
20200929_trump_biden,768,BIDEN,57,15,0,0,0,,
20200929_trump_biden,769,TRUMP,121,24,2,91,19,0.3223140495867769,0.37603305785123964
20200929_trump_biden,770,BIDEN,32,5,1,31,5,0.0,0.96875
20200929_trump_biden,771,TRUMP,38,8,1,25,5,0.0,0.6578947368421053
20200929_trump_biden,772,BIDEN,437,90,0,0,0,,
20200929_trump_biden,773,TRUMP,115,21,0,0,0,,
20200929_trump_biden,774,BIDEN,362,77,3,204,43,0.33793738489871084,0.1878453038674033
20200929_trump_biden,775,TRUMP,42,7,1,41,7,0.0,0.9761904761904762
20200929_trump_biden,776,TRUMP,168,31,1,27,7,0.23214285714285715,0.16071428571428573
20200929_trump_biden,777,BIDEN,4,1,0,0,0,,
20200929_trump_biden,778,TRUMP,306,61,1,37,9,0.5,0.12091503267973856
20200929_trump_biden,779,TRUMP,176,38,1,35,9,0.7954545454545454,0.19886363636363635
20200929_trump_biden,780,TRUMP,111,20,1,73,13,0.07207207207207207,0.6576576576576577
20200929_trump_biden,781,TRUMP,217,39,2,90,18,0.467741935483871,0.2073732718894009
20200929_trump_biden,782,BIDEN,34,8,0,0,0,,
20200929_trump_biden,783,TRUMP,16,4,0,0,0,,
20200929_trump_biden,784,BIDEN,220,44,1,72,15,0.5681818181818182,0.32727272727272727
20200929_trump_biden,785,TRUMP,76,12,0,0,0,,
20200929_trump_biden,786,BIDEN,329,64,2,188,34,0.31762917933130697,0.2857142857142857
20200929_trump_biden,787,TRUMP,41,7,1,40,7,0.0,0.975609756097561
20200929_trump_biden,788,BIDEN,117,21,1,54,9,0.5299145299145299,0.46153846153846156
20200929_trump_biden,789,BIDEN,16,2,0,0,0,,
20200929_trump_biden,790,BIDEN,82,16,0,0,0,,
20200929_trump_biden,791,BIDEN,223,41,0,0,0,,
20200929_trump_biden,792,TRUMP,46,9,0,0,0,,
20200929_trump_biden,793,BIDEN,11,3,0,0,0,,
20200929_trump_biden,794,TRUMP,41,8,0,0,0,,
20200929_trump_biden,795,BIDEN,495,99,2,138,28,0.45555555555555555,0.1393939393939394
20200929_trump_biden,796,TRUMP,274,53,3,132,25,0.3430656934306569,0.16058394160583941
20200929_trump_biden,797,BIDEN,20,5,0,0,0,,
20200929_trump_biden,798,TRUMP,90,15,0,0,0,,
20200929_trump_biden,799,BIDEN,29,5,0,0,0,,
20200929_trump_biden,800,TRUMP,230,47,0,0,0,,
20200929_trump_biden,801,TRUMP,61,12,0,0,0,,
20200929_trump_biden,802,BIDEN,260,51,1,22,5,0.03076923076923077,0.08461538461538462
20200929_trump_biden,803,TRUMP,26,5,0,0,0,,
20200929_trump_biden,804,BIDEN,32,7,0,0,0,,
20200929_trump_biden,805,TRUMP,57,9,0,0,0,,
20200929_trump_biden,806,BIDEN,200,37,3,110,21,0.19666666666666666,0.18333333333333335
20200929_trump_biden,807,TRUMP,38,8,0,0,0,,
20200929_trump_biden,808,TRUMP,114,25,2,56,13,0.2236842105263158,0.24561403508771928
20200929_trump_biden,809,BIDEN,37,7,0,0,0,,
20200929_trump_biden,810,TRUMP,719,131,7,342,59,0.4838068746274588,0.06795151996820982
20200929_trump_biden,811,TRUMP,31,5,0,0,0,,
20200929_trump_biden,812,BIDEN,25,6,0,0,0,,
20200929_trump_biden,813,TRUMP,17,3,0,0,0,,
20200929_trump_biden,814,TRUMP,61,12,0,0,0,,
20200929_trump_biden,815,BIDEN,25,6,0,0,0,,
20200929_trump_biden,816,TRUMP,40,8,1,39,8,0.0,0.975
20200929_trump_biden,817,TRUMP,278,58,0,0,0,,
20200929_trump_biden,818,BIDEN,21,4,0,0,0,,
20200929_trump_biden,819,TRUMP,43,8,0,0,0,,
20200929_trump_biden,820,TRUMP,185,40,0,0,0,,
20200929_trump_biden,821,BIDEN,102,19,1,17,3,0.7745098039215687,0.16666666666666666
20200929_trump_biden,822,BIDEN,233,43,2,200,38,0.08798283261802575,0.4291845493562232
20200929_trump_biden,823,TRUMP,54,9,0,0,0,,
20200929_trump_biden,824,BIDEN,59,10,0,0,0,,
20200929_trump_biden,825,TRUMP,39,7,0,0,0,,
20200929_trump_biden,826,BIDEN,28,6,0,0,0,,
20200929_trump_biden,827,TRUMP,97,18,2,70,13,0.36597938144329895,0.36082474226804123
20200929_trump_biden,828,TRUMP,44,8,1,43,8,0.0,0.9772727272727273
20200929_trump_biden,829,TRUMP,8,1,0,0,0,,
20200929_trump_biden,830,TRUMP,28,5,0,0,0,,
20200929_trump_biden,831,TRUMP,48,9,1,30,6,0.3541666666666667,0.625
20200929_trump_biden,832,TRUMP,55,12,0,0,0,,
20200929_trump_biden,833,TRUMP,146,30,1,47,9,0.2808219178082192,0.3219178082191781
20200929_trump_biden,834,TRUMP,261,46,1,37,6,0.1839080459770115,0.1417624521072797
20200929_trump_biden,835,BIDEN,370,75,2,224,47,0.40675675675675677,0.3027027027027027
20200929_trump_biden,836,TRUMP,29,5,0,0,0,,
20200929_trump_biden,837,BIDEN,28,5,0,0,0,,
20200929_trump_biden,838,TRUMP,79,14,1,44,8,0.43037974683544306,0.5569620253164557
20200929_trump_biden,839,BIDEN,180,31,1,112,19,0.25555555555555554,0.6222222222222222
20200929_trump_biden,840,TRUMP,93,18,0,0,0,,
20200929_trump_biden,841,TRUMP,9,2,0,0,0,,
20200929_trump_biden,842,TRUMP,4,1,0,0,0,,
20200929_trump_biden,843,TRUMP,12,2,0,0,0,,
20200929_trump_biden,844,TRUMP,732,135,4,158,31,0.45116120218579236,0.05396174863387978
20200929_trump_biden,845,TRUMP,652,118,3,148,30,0.44683026584867075,0.07566462167689161
20200929_trump_biden,846,TRUMP,609,110,1,78,14,0.6009852216748769,0.12807881773399016
20200929_trump_biden,847,BIDEN,419,75,4,241,43,0.42362768496420045,0.1437947494033413
20200929_trump_biden,848,TRUMP,13,2,0,0,0,,
20200929_trump_biden,849,TRUMP,12,1,0,0,0,,
20200929_trump_biden,850,BIDEN,303,58,1,217,37,0.28052805280528054,0.7161716171617162
20200929_trump_biden,851,BIDEN,763,150,4,258,52,0.4528178243774574,0.08453473132372215
20200929_trump_biden,852,BIDEN,489,88,4,323,58,0.40286298568507156,0.16513292433537832
20200929_trump_biden,853,TRUMP,26,6,0,0,0,,
20200929_trump_biden,854,TRUMP,31,6,0,0,0,,
20200929_trump_biden,855,TRUMP,366,70,0,0,0,,
20200929_trump_biden,856,BIDEN,23,5,0,0,0,,
20200929_trump_biden,857,TRUMP,53,9,0,0,0,,
20200929_trump_biden,858,BIDEN,23,5,0,0,0,,
20200929_trump_biden,859,TRUMP,123,26,2,69,13,0.21138211382113822,0.2804878048780488
20200929_trump_biden,860,TRUMP,92,19,0,0,0,,
20200929_trump_biden,861,TRUMP,147,30,1,70,13,0.0,0.47619047619047616
20200929_trump_biden,862,BIDEN,25,5,0,0,0,,
20200929_trump_biden,863,TRUMP,57,12,2,54,12,0.2543859649122807,0.47368421052631576
20200929_trump_biden,864,BIDEN,25,5,0,0,0,,
20200929_trump_biden,865,TRUMP,286,54,1,76,15,0.3951048951048951,0.26573426573426573
20200929_trump_biden,866,TRUMP,20,5,0,0,0,,
20200929_trump_biden,867,BIDEN,24,4,0,0,0,,
20200929_trump_biden,868,TRUMP,7,2,0,0,0,,
20200929_trump_biden,869,TRUMP,20,3,0,0,0,,
20200929_trump_biden,870,TRUMP,25,4,0,0,0,,
20200929_trump_biden,871,TRUMP,72,15,0,0,0,,
20200929_trump_biden,872,BIDEN,5,1,0,0,0,,
20200929_trump_biden,873,TRUMP,25,6,0,0,0,,
20200929_trump_biden,874,BIDEN,15,2,0,0,0,,
20200929_trump_biden,875,TRUMP,596,111,2,152,29,0.6023489932885906,0.12751677852348994
20200929_trump_biden,876,BIDEN,364,73,2,158,34,0.3598901098901099,0.21703296703296704
20200929_trump_biden,877,TRUMP,12,2,0,0,0,,
20200929_trump_biden,878,BIDEN,97,20,0,0,0,,
20200929_trump_biden,879,TRUMP,48,11,0,0,0,,
20200929_trump_biden,880,BIDEN,30,4,0,0,0,,
20200929_trump_biden,881,TRUMP,44,10,0,0,0,,
20200929_trump_biden,882,BIDEN,53,8,0,0,0,,
20200929_trump_biden,883,TRUMP,35,6,1,18,4,0.0,0.5142857142857142
20200929_trump_biden,884,BIDEN,57,10,0,0,0,,
20200929_trump_biden,885,TRUMP,156,31,0,0,0,,
20200929_trump_biden,886,TRUMP,91,15,0,0,0,,
20200929_trump_biden,887,TRUMP,12,3,0,0,0,,
20200929_trump_biden,888,BIDEN,511,94,3,230,40,0.3776908023483366,0.15003261578604044
20200929_trump_biden,889,BIDEN,251,47,2,148,28,0.42031872509960155,0.2948207171314741
20200929_trump_biden,890,TRUMP,69,12,0,0,0,,
20200929_trump_biden,891,BIDEN,60,11,1,51,10,0.13333333333333333,0.85
20200929_trump_biden,892,TRUMP,42,9,0,0,0,,
20200929_trump_biden,893,BIDEN,22,5,0,0,0,,
20200929_trump_biden,894,TRUMP,49,8,0,0,0,,
20200929_trump_biden,895,BIDEN,12,2,0,0,0,,
20200929_trump_biden,896,BIDEN,14,3,0,0,0,,
20200929_trump_biden,897,BIDEN,38,7,0,0,0,,
20200929_trump_biden,898,TRUMP,10,2,0,0,0,,
20200929_trump_biden,899,TRUMP,723,134,4,224,40,0.3160442600276625,0.07745504840940526
20200929_trump_biden,900,BIDEN,5,1,0,0,0,,
20200929_trump_biden,901,BIDEN,241,44,2,138,24,0.23858921161825725,0.2863070539419087
20200929_trump_biden,902,TRUMP,19,3,0,0,0,,
20200929_trump_biden,903,BIDEN,11,3,0,0,0,,
20200929_trump_biden,904,TRUMP,58,11,1,38,7,0.3275862068965517,0.6551724137931034
20200929_trump_biden,905,TRUMP,22,4,0,0,0,,
20200929_trump_biden,906,BIDEN,107,18,1,79,13,0.2523364485981308,0.7383177570093458
20200929_trump_biden,907,TRUMP,23,4,0,0,0,,
20200929_trump_biden,908,BIDEN,27,5,0,0,0,,
20200929_trump_biden,909,TRUMP,6,1,0,0,0,,
20200929_trump_biden,910,BIDEN,13,2,0,0,0,,
20200929_trump_biden,911,TRUMP,52,10,0,0,0,,
20200929_trump_biden,912,BIDEN,3,1,0,0,0,,
20200929_trump_biden,913,TRUMP,38,7,0,0,0,,
20200929_trump_biden,914,BIDEN,9,2,0,0,0,,
20200929_trump_biden,915,TRUMP,129,21,3,81,14,0.5529715762273902,0.20930232558139536
20200929_trump_biden,916,BIDEN,23,4,0,0,0,,
20200929_trump_biden,917,TRUMP,18,3,0,0,0,,
20200929_trump_biden,918,BIDEN,54,9,1,53,9,0.0,0.9814814814814815
20200929_trump_biden,919,TRUMP,36,6,1,35,6,0.0,0.9722222222222222
20200929_trump_biden,920,BIDEN,186,36,1,65,13,0.2956989247311828,0.34946236559139787
20200929_trump_biden,921,TRUMP,92,18,0,0,0,,
20200929_trump_biden,922,BIDEN,17,4,0,0,0,,
20200929_trump_biden,923,TRUMP,130,23,1,83,15,0.0,0.6384615384615384
20200929_trump_biden,924,BIDEN,318,62,1,58,12,0.7044025157232704,0.18238993710691823
20200929_trump_biden,925,TRUMP,34,5,0,0,0,,
20200929_trump_biden,926,BIDEN,16,3,0,0,0,,
20200929_trump_biden,927,TRUMP,314,60,2,104,19,0.3471337579617835,0.16560509554140126
20200929_trump_biden,928,BIDEN,17,4,0,0,0,,
20200929_trump_biden,929,TRUMP,58,13,0,0,0,,
20200929_trump_biden,930,BIDEN,21,5,0,0,0,,
20200929_trump_biden,931,TRUMP,24,4,0,0,0,,
20200929_trump_biden,932,BIDEN,21,5,0,0,0,,
20200929_trump_biden,933,TRUMP,50,10,1,38,8,0.22,0.76
20200929_trump_biden,934,BIDEN,11,2,0,0,0,,
20200929_trump_biden,935,BIDEN,57,8,0,0,0,,
20200929_trump_biden,936,TRUMP,63,12,1,46,9,0.1746031746031746,0.7301587301587301
20200929_trump_biden,937,BIDEN,9,2,0,0,0,,
20200929_trump_biden,938,TRUMP,40,8,1,39,8,0.0,0.975
20200929_trump_biden,939,TRUMP,12,2,0,0,0,,
20200929_trump_biden,940,BIDEN,17,4,0,0,0,,
20200929_trump_biden,941,TRUMP,11,2,0,0,0,,
20200929_trump_biden,942,TRUMP,12,3,0,0,0,,
20200929_trump_biden,943,BIDEN,17,5,0,0,0,,
20200929_trump_biden,944,BIDEN,30,4,1,29,4,0.0,0.9666666666666667
20200929_trump_biden,945,TRUMP,71,13,1,66,12,0.056338028169014086,0.9295774647887324
20200929_trump_biden,946,BIDEN,36,7,0,0,0,,
20200929_trump_biden,947,TRUMP,15,4,0,0,0,,
20200929_trump_biden,948,BIDEN,22,6,0,0,0,,
20200929_trump_biden,949,BIDEN,126,23,1,52,7,0.5476190476190477,0.4126984126984127
20200929_trump_biden,950,TRUMP,7,2,0,0,0,,
20200929_trump_biden,951,BIDEN,12,3,0,0,0,,
20200929_trump_biden,952,TRUMP,10,2,0,0,0,,
20200929_trump_biden,953,BIDEN,48,9,0,0,0,,
20200929_trump_biden,954,TRUMP,51,10,0,0,0,,
20200929_trump_biden,955,BIDEN,18,4,0,0,0,,
20200929_trump_biden,956,TRUMP,32,4,0,0,0,,
20200929_trump_biden,957,BIDEN,75,12,0,0,0,,
20200929_trump_biden,958,BIDEN,41,7,0,0,0,,
20200929_trump_biden,959,TRUMP,41,8,0,0,0,,
20200929_trump_biden,960,BIDEN,22,4,0,0,0,,
20200929_trump_biden,961,TRUMP,52,10,1,51,10,0.0,0.9807692307692307
20200929_trump_biden,962,BIDEN,102,20,0,0,0,,
20200929_trump_biden,963,TRUMP,11,2,0,0,0,,
20200929_trump_biden,964,BIDEN,19,4,0,0,0,,
20200929_trump_biden,965,TRUMP,30,7,0,0,0,,
20200929_trump_biden,966,BIDEN,47,10,0,0,0,,
20200929_trump_biden,967,TRUMP,15,3,0,0,0,,
20200929_trump_biden,968,BIDEN,77,15,0,0,0,,
20200929_trump_biden,969,TRUMP,32,7,0,0,0,,
20200929_trump_biden,970,BIDEN,29,4,0,0,0,,
20200929_trump_biden,971,BIDEN,75,15,0,0,0,,
20200929_trump_biden,972,TRUMP,31,7,0,0,0,,
20200929_trump_biden,973,BIDEN,34,5,0,0,0,,
20200929_trump_biden,974,TRUMP,30,6,0,0,0,,
20200929_trump_biden,975,BIDEN,24,5,0,0,0,,
20200929_trump_biden,976,TRUMP,56,11,1,47,9,0.14285714285714285,0.8392857142857143
20200929_trump_biden,977,BIDEN,163,31,0,0,0,,
20200929_trump_biden,978,TRUMP,10,2,0,0,0,,
20200929_trump_biden,979,TRUMP,71,13,1,70,13,0.0,0.9859154929577465
20200929_trump_biden,980,BIDEN,30,5,0,0,0,,
20200929_trump_biden,981,TRUMP,86,16,1,85,16,0.0,0.9883720930232558
20200929_trump_biden,982,BIDEN,99,17,0,0,0,,
20200929_trump_biden,983,TRUMP,56,11,1,51,10,0.07142857142857142,0.9107142857142857
20200929_trump_biden,984,BIDEN,153,26,0,0,0,,
20200929_trump_biden,985,BIDEN,20,4,0,0,0,,
20200929_trump_biden,986,TRUMP,55,10,0,0,0,,
20200929_trump_biden,987,BIDEN,17,4,0,0,0,,
20200929_trump_biden,988,TRUMP,12,3,0,0,0,,
20200929_trump_biden,989,TRUMP,31,5,0,0,0,,
20200929_trump_biden,990,TRUMP,27,5,0,0,0,,
20200929_trump_biden,991,BIDEN,28,5,0,0,0,,
20200929_trump_biden,992,BIDEN,20,4,0,0,0,,
20200929_trump_biden,993,TRUMP,18,4,0,0,0,,
20200929_trump_biden,994,TRUMP,43,8,0,0,0,,
20200929_trump_biden,995,TRUMP,15,3,0,0,0,,
20200929_trump_biden,996,TRUMP,14,3,0,0,0,,
20200929_trump_biden,997,TRUMP,12,2,0,0,0,,
20200929_trump_biden,998,BIDEN,733,125,2,119,22,0.7708049113233288,0.08117326057298772
20200929_trump_biden,999,BIDEN,4,1,0,0,0,,
20200929_trump_biden,1000,BIDEN,1153,220,6,503,100,0.41326973113616655,0.07270887539751374
20200929_trump_biden,1001,TRUMP,3,1,0,0,0,,
20200929_trump_biden,1002,TRUMP,164,23,1,65,11,0.0,0.39634146341463417
20200929_trump_biden,1003,BIDEN,16,3,0,0,0,,
20200929_trump_biden,1004,TRUMP,1978,364,5,439,77,0.49110212335692616,0.04438827098078867
20200929_trump_biden,1005,BIDEN,1161,208,1,123,21,0.012919896640826873,0.10594315245478036
20200929_trump_biden,1006,TRUMP,71,13,0,0,0,,
20200929_trump_biden,1007,TRUMP,78,14,1,56,11,0.10256410256410256,0.717948717948718
20200929_trump_biden,1008,BIDEN,29,5,0,0,0,,
20200929_trump_biden,1009,TRUMP,31,8,0,0,0,,
20200929_trump_biden,1010,BIDEN,20,6,0,0,0,,
20200929_trump_biden,1011,TRUMP,5,1,0,0,0,,
20200929_trump_biden,1012,TRUMP,357,66,0,0,0,,
20200929_trump_biden,1013,TRUMP,588,115,2,179,32,0.5518707482993197,0.1522108843537415
20200929_trump_biden,1014,BIDEN,20,3,0,0,0,,
20200929_trump_biden,1015,BIDEN,37,6,0,0,0,,
20200929_trump_biden,1016,TRUMP,20,4,0,0,0,,
20200929_trump_biden,1017,BIDEN,59,11,0,0,0,,
20200929_trump_biden,1018,TRUMP,15,3,0,0,0,,
20200929_trump_biden,1019,BIDEN,964,179,0,0,0,,
20200929_trump_biden,1020,TRUMP,328,56,1,19,4,0.8475609756097561,0.057926829268292686
20200929_trump_biden,1021,BIDEN,11,3,0,0,0,,
20200929_trump_biden,1022,TRUMP,15,3,0,0,0,,
20200929_trump_biden,1023,BIDEN,19,3,0,0,0,,
20200929_trump_biden,1024,TRUMP,48,9,0,0,0,,
20200929_trump_biden,1025,BIDEN,22,2,0,0,0,,
20200929_trump_biden,1026,TRUMP,54,11,0,0,0,,
20200929_trump_biden,1027,BIDEN,18,4,0,0,0,,
20200929_trump_biden,1028,TRUMP,32,5,0,0,0,,
20200929_trump_biden,1029,BIDEN,18,4,0,0,0,,
20200929_trump_biden,1030,TRUMP,34,8,0,0,0,,
20200929_trump_biden,1031,BIDEN,67,13,0,0,0,,
20200929_trump_biden,1032,TRUMP,46,9,0,0,0,,
20200929_trump_biden,1033,BIDEN,24,7,0,0,0,,
20200929_trump_biden,1034,BIDEN,60,10,0,0,0,,
20200929_trump_biden,1035,TRUMP,5,1,0,0,0,,
20200929_trump_biden,1036,BIDEN,127,24,2,93,17,0.5196850393700787,0.3661417322834646
20200929_trump_biden,1037,TRUMP,31,7,0,0,0,,
20200929_trump_biden,1038,TRUMP,57,10,1,52,8,0.0,0.9122807017543859
20200929_trump_biden,1039,TRUMP,347,71,3,101,21,0.5600384245917387,0.09702209414024976
20200929_trump_biden,1040,BIDEN,37,4,0,0,0,,
20200929_trump_biden,1041,TRUMP,257,56,0,0,0,,
20200929_trump_biden,1042,BIDEN,15,5,0,0,0,,
20200929_trump_biden,1043,TRUMP,129,26,0,0,0,,
20200929_trump_biden,1044,BIDEN,75,17,0,0,0,,
20200929_trump_biden,1045,TRUMP,36,8,0,0,0,,
20200929_trump_biden,1046,BIDEN,588,105,3,73,12,0.7647392290249432,0.041383219954648526
20200929_trump_biden,1047,BIDEN,13,4,0,0,0,,
20200929_trump_biden,1048,BIDEN,716,135,3,184,33,0.436219739292365,0.0856610800744879
20200929_trump_biden,1049,TRUMP,112,21,0,0,0,,
20200929_trump_biden,1050,BIDEN,37,8,0,0,0,,
20200929_trump_biden,1051,TRUMP,67,12,2,64,12,0.2462686567164179,0.47761194029850745
20200929_trump_biden,1052,TRUMP,15,2,0,0,0,,
20200929_trump_biden,1053,BIDEN,46,11,0,0,0,,
20200929_trump_biden,1054,TRUMP,141,27,0,0,0,,
20200929_trump_biden,1055,BIDEN,46,11,0,0,0,,
20200929_trump_biden,1056,TRUMP,87,17,0,0,0,,
20200929_trump_biden,1057,BIDEN,17,4,0,0,0,,
20200929_trump_biden,1058,TRUMP,46,9,0,0,0,,
20200929_trump_biden,1059,BIDEN,238,41,0,0,0,,
20200929_trump_biden,1060,TRUMP,21,4,0,0,0,,
20200929_trump_biden,1061,BIDEN,66,16,0,0,0,,
20200929_trump_biden,1062,TRUMP,21,4,0,0,0,,
20200929_trump_biden,1063,TRUMP,30,8,1,25,6,0.0,0.8333333333333334
20200929_trump_biden,1064,BIDEN,27,6,0,0,0,,
20200929_trump_biden,1065,TRUMP,128,27,1,42,7,0.6640625,0.328125
20200929_trump_biden,1066,TRUMP,53,11,1,25,6,0.0,0.4716981132075472
20200929_trump_biden,1067,BIDEN,136,25,1,90,15,0.11029411764705882,0.6617647058823529
20200929_trump_biden,1068,TRUMP,27,6,0,0,0,,
20200929_trump_biden,1069,BIDEN,5,2,0,0,0,,
20200929_trump_biden,1070,TRUMP,4,1,0,0,0,,
20200929_trump_biden,1071,BIDEN,29,4,0,0,0,,
20200929_trump_biden,1072,TRUMP,28,6,0,0,0,,
20200929_trump_biden,1073,BIDEN,14,3,0,0,0,,
20200929_trump_biden,1074,TRUMP,17,4,0,0,0,,
20200929_trump_biden,1075,BIDEN,352,64,0,0,0,,
20200929_trump_biden,1076,TRUMP,36,8,0,0,0,,
20200929_trump_biden,1077,TRUMP,14,2,0,0,0,,
20200929_trump_biden,1078,TRUMP,36,7,0,0,0,,
20200929_trump_biden,1079,TRUMP,47,12,0,0,0,,
20200929_trump_biden,1080,TRUMP,27,7,0,0,0,,
20200929_trump_biden,1081,TRUMP,119,23,0,0,0,,
20200929_trump_biden,1082,TRUMP,29,6,0,0,0,,
20200929_trump_biden,1083,TRUMP,82,16,0,0,0,,
20200929_trump_biden,1084,TRUMP,46,9,0,0,0,,
20200929_trump_biden,1085,BIDEN,22,6,0,0,0,,
20200929_trump_biden,1086,TRUMP,128,29,0,0,0,,
20200929_trump_biden,1087,BIDEN,11,2,0,0,0,,
20200929_trump_biden,1088,BIDEN,11,2,0,0,0,,
20200929_trump_biden,1089,TRUMP,232,45,0,0,0,,
20200929_trump_biden,1090,BIDEN,57,10,0,0,0,,
20200929_trump_biden,1091,TRUMP,28,5,0,0,0,,
20200929_trump_biden,1092,BIDEN,42,9,1,37,7,0.0,0.8809523809523809
20200929_trump_biden,1093,TRUMP,24,5,0,0,0,,
20200929_trump_biden,1094,BIDEN,53,10,0,0,0,,
20200929_trump_biden,1095,TRUMP,37,7,0,0,0,,
20200929_trump_biden,1096,TRUMP,43,11,0,0,0,,
20200929_trump_biden,1097,BIDEN,37,6,0,0,0,,
20200929_trump_biden,1098,TRUMP,14,3,0,0,0,,
20200929_trump_biden,1099,BIDEN,95,21,0,0,0,,
20200929_trump_biden,1100,TRUMP,51,9,1,35,6,0.29411764705882354,0.6862745098039216
20200929_trump_biden,1101,TRUMP,59,11,0,0,0,,
20200929_trump_biden,1102,TRUMP,2049,377,11,543,98,0.5781534229557656,0.024091574604019703
20200929_trump_biden,1103,BIDEN,495,92,4,200,36,0.4338383838383838,0.10101010101010101
20200929_trump_biden,1104,TRUMP,45,9,1,44,9,0.0,0.9777777777777777
20200929_trump_biden,1105,BIDEN,21,5,0,0,0,,
20200929_trump_biden,1106,BIDEN,24,5,0,0,0,,
20200929_trump_biden,1107,TRUMP,17,5,0,0,0,,
20200929_trump_biden,1108,BIDEN,28,6,0,0,0,,
20200929_trump_biden,1109,BIDEN,10,2,0,0,0,,
20200929_trump_biden,1110,BIDEN,825,156,6,303,59,0.5939393939393939,0.06121212121212122
20200929_trump_biden,1111,TRUMP,7,1,0,0,0,,
20200929_trump_biden,1112,BIDEN,13,3,0,0,0,,
20200929_trump_biden,1113,TRUMP,53,9,0,0,0,,
20200929_trump_biden,1114,BIDEN,66,11,0,0,0,,
20200929_trump_biden,1115,TRUMP,119,22,1,80,13,0.2857142857142857,0.6722689075630253
20200929_trump_biden,1116,BIDEN,50,7,1,33,4,0.32,0.66
20200929_trump_biden,1117,TRUMP,110,19,1,52,9,0.23636363636363636,0.4727272727272727
20200929_trump_biden,1118,BIDEN,21,5,0,0,0,,
20200929_trump_biden,1119,TRUMP,81,17,1,74,14,0.07407407407407407,0.9135802469135802
20200929_trump_biden,1120,BIDEN,24,5,0,0,0,,
20200929_trump_biden,1121,TRUMP,22,6,0,0,0,,
20200929_trump_biden,1122,BIDEN,23,8,0,0,0,,
20200929_trump_biden,1123,TRUMP,31,9,0,0,0,,
20200929_trump_biden,1124,BIDEN,192,43,0,0,0,,
20200929_trump_biden,1125,TRUMP,49,10,1,40,8,0.16326530612244897,0.8163265306122449
20200929_trump_biden,1126,BIDEN,56,9,1,43,8,0.0,0.7678571428571429
20200929_trump_biden,1127,TRUMP,41,8,1,40,8,0.0,0.975609756097561
20200929_trump_biden,1128,BIDEN,29,4,1,28,4,0.0,0.9655172413793104
20200929_trump_biden,1129,BIDEN,20,2,0,0,0,,
20200929_trump_biden,1130,BIDEN,8,3,0,0,0,,
20200929_trump_biden,1131,TRUMP,16,1,0,0,0,,
20200929_trump_biden,1132,TRUMP,88,17,1,71,13,0.18181818181818182,0.8068181818181818
20200929_trump_biden,1133,BIDEN,53,9,1,34,5,0.33962264150943394,0.6415094339622641
20200929_trump_biden,1134,TRUMP,18,5,0,0,0,,
20200929_trump_biden,1135,BIDEN,114,18,2,111,18,0.3026315789473684,0.4868421052631579
20200929_trump_biden,1136,BIDEN,11,3,0,0,0,,
20200929_trump_biden,1137,TRUMP,735,129,2,83,16,0.38979591836734695,0.05646258503401361
20200929_trump_biden,1138,TRUMP,241,42,1,56,8,0.5809128630705395,0.23236514522821577
20200929_trump_biden,1139,TRUMP,864,157,2,204,36,0.5810185185185185,0.11805555555555555
20200929_trump_biden,1140,TRUMP,52,9,0,0,0,,
20200929_trump_biden,1141,TRUMP,53,9,0,0,0,,
20200929_trump_biden,1142,TRUMP,413,81,4,186,38,0.4110169491525424,0.11259079903147699
20200929_trump_biden,1143,TRUMP,325,66,1,114,21,0.6461538461538462,0.3507692307692308
20200929_trump_biden,1144,TRUMP,166,30,1,43,7,0.43373493975903615,0.25903614457831325
20200929_trump_biden,1145,BIDEN,2062,373,5,492,90,0.5331716779825413,0.047720659553831236
20200929_trump_biden,1146,BIDEN,358,71,2,150,27,0.49860335195530725,0.20949720670391062
20200929_trump_biden,1147,TRUMP,19,4,0,0,0,,
20200929_trump_biden,1148,BIDEN,39,9,0,0,0,,
20200929_trump_biden,1149,TRUMP,116,22,2,57,11,0.5732758620689655,0.24568965517241378
20200929_trump_biden,1150,BIDEN,56,14,0,0,0,,
20200929_trump_biden,1151,TRUMP,42,9,0,0,0,,
20200929_trump_biden,1152,TRUMP,25,4,0,0,0,,
20200929_trump_biden,1153,BIDEN,3,1,0,0,0,,
20200929_trump_biden,1154,TRUMP,17,3,0,0,0,,
20200929_trump_biden,1155,BIDEN,29,8,0,0,0,,
20200929_trump_biden,1156,TRUMP,96,19,0,0,0,,
20200929_trump_biden,1157,BIDEN,13,4,0,0,0,,
20200929_trump_biden,1158,TRUMP,47,12,0,0,0,,
20200929_trump_biden,1159,BIDEN,9,2,0,0,0,,
20200929_trump_biden,1160,TRUMP,40,7,0,0,0,,
20200929_trump_biden,1161,BIDEN,9,2,0,0,0,,
20200929_trump_biden,1162,TRUMP,36,9,0,0,0,,
20200929_trump_biden,1163,BIDEN,17,4,0,0,0,,
20200929_trump_biden,1164,TRUMP,80,17,1,64,12,0.0,0.8
20200929_trump_biden,1165,BIDEN,32,8,0,0,0,,
20200929_trump_biden,1166,TRUMP,29,5,0,0,0,,
20200929_trump_biden,1167,BIDEN,93,17,1,51,9,0.24731182795698925,0.5483870967741935
20200929_trump_biden,1168,TRUMP,25,3,0,0,0,,
20200929_trump_biden,1169,BIDEN,31,7,0,0,0,,
20200929_trump_biden,1170,TRUMP,21,3,0,0,0,,
20200929_trump_biden,1171,BIDEN,407,78,3,216,41,0.3366093366093366,0.1769041769041769
20200929_trump_biden,1172,TRUMP,25,6,0,0,0,,
20200929_trump_biden,1173,BIDEN,23,5,0,0,0,,
20200929_trump_biden,1174,TRUMP,16,4,0,0,0,,
20200929_trump_biden,1175,BIDEN,24,6,0,0,0,,
20200929_trump_biden,1176,TRUMP,18,5,0,0,0,,
20200929_trump_biden,1177,BIDEN,636,119,5,264,45,0.5471698113207547,0.08301886792452831
20200929_trump_biden,1178,TRUMP,83,16,0,0,0,,
20200929_trump_biden,1179,BIDEN,7,2,0,0,0,,
20200929_trump_biden,1180,TRUMP,237,47,2,110,21,0.45569620253164556,0.2320675105485232
20200929_trump_biden,1181,BIDEN,20,5,0,0,0,,
20200929_trump_biden,1182,TRUMP,26,8,0,0,0,,
20200929_trump_biden,1183,BIDEN,38,10,1,33,8,0.0,0.868421052631579
20200929_trump_biden,1184,TRUMP,41,9,1,34,6,0.14634146341463414,0.8292682926829268
20200929_trump_biden,1185,BIDEN,37,10,0,0,0,,
20200929_trump_biden,1186,TRUMP,36,6,1,30,5,0.16666666666666666,0.8333333333333334
20200929_trump_biden,1187,BIDEN,30,7,0,0,0,,
20200929_trump_biden,1188,TRUMP,160,32,0,0,0,,
20200929_trump_biden,1189,BIDEN,17,4,0,0,0,,
20200929_trump_biden,1190,TRUMP,27,8,0,0,0,,
20200929_trump_biden,1191,TRUMP,47,9,1,38,6,0.1702127659574468,0.8085106382978723
20200929_trump_biden,1192,BIDEN,19,5,0,0,0,,
20200929_trump_biden,1193,TRUMP,35,8,0,0,0,,
20200929_trump_biden,1194,BIDEN,9,2,0,0,0,,
20200929_trump_biden,1195,TRUMP,31,6,1,26,4,0.16129032258064516,0.8387096774193549
20200929_trump_biden,1196,BIDEN,8,2,0,0,0,,
20200929_trump_biden,1197,TRUMP,23,5,0,0,0,,
20200929_trump_biden,1198,BIDEN,8,2,0,0,0,,
20200929_trump_biden,1199,TRUMP,15,3,0,0,0,,
20200929_trump_biden,1200,BIDEN,89,16,0,0,0,,
20200929_trump_biden,1201,BIDEN,5,1,0,0,0,,
20200929_trump_biden,1202,BIDEN,16,4,0,0,0,,
20200929_trump_biden,1203,BIDEN,156,30,1,38,8,0.0,0.24358974358974358
20200929_trump_biden,1204,BIDEN,10,2,0,0,0,,
20200929_trump_biden,1205,BIDEN,39,8,1,34,7,0.10256410256410256,0.8717948717948718
20200929_trump_biden,1206,TRUMP,48,9,0,0,0,,
20200929_trump_biden,1207,BIDEN,15,5,0,0,0,,
20200929_trump_biden,1208,TRUMP,56,11,0,0,0,,
20200929_trump_biden,1209,BIDEN,44,9,0,0,0,,
20200929_trump_biden,1210,BIDEN,83,15,1,67,12,0.1927710843373494,0.8072289156626506
20200929_trump_biden,1211,BIDEN,1990,375,1,174,31,0.08542713567839195,0.08743718592964825
20200929_trump_biden,1212,TRUMP,2254,425,12,518,100,0.4418811002661935,0.019151138716356108
20200929_trump_biden,1213,TRUMP,35,8,0,0,0,,
20200929_trump_biden,1214,TRUMP,25,5,0,0,0,,
20200929_trump_biden,1215,TRUMP,21,4,0,0,0,,
20200929_trump_biden,1216,TRUMP,23,4,1,22,4,0.0,0.9565217391304348
20200929_trump_biden,1217,TRUMP,381,73,1,52,10,0.6587926509186351,0.13648293963254593
20200929_trump_biden,1218,TRUMP,19,4,0,0,0,,
20200929_trump_biden,1219,TRUMP,79,18,0,0,0,,
20200929_trump_biden,1220,TRUMP,37,10,0,0,0,,
20200929_trump_biden,1221,TRUMP,39,12,0,0,0,,
20200929_trump_biden,1222,TRUMP,330,58,2,77,12,0.7045454545454546,0.11666666666666667
20200929_trump_biden,1223,BIDEN,46,10,1,28,6,0.2826086956521739,0.6086956521739131
20200929_trump_biden,1224,TRUMP,30,7,0,0,0,,
20200929_trump_biden,1225,BIDEN,33,8,1,28,6,0.0,0.8484848484848485
20200929_trump_biden,1226,TRUMP,30,7,0,0,0,,
20200929_trump_biden,1227,BIDEN,424,80,4,314,60,0.3720518867924528,0.18514150943396226
20200929_trump_biden,1228,TRUMP,58,11,0,0,0,,
20200929_trump_biden,1229,BIDEN,40,10,0,0,0,,
20200929_trump_biden,1230,TRUMP,57,11,0,0,0,,
20200929_trump_biden,1231,TRUMP,20,4,0,0,0,,
20200929_trump_biden,1232,BIDEN,532,100,2,127,25,0.3900375939849624,0.1193609022556391
20200929_trump_biden,1233,TRUMP,59,11,0,0,0,,
20200929_trump_biden,1234,TRUMP,42,11,0,0,0,,
20200929_trump_biden,1235,TRUMP,99,21,0,0,0,,
20200929_trump_biden,1236,BIDEN,59,12,1,54,10,0.0,0.9152542372881356
20200929_trump_biden,1237,TRUMP,29,6,0,0,0,,
20200929_trump_biden,1238,TRUMP,16,3,0,0,0,,
20200929_trump_biden,1239,TRUMP,510,98,1,51,9,0.5470588235294118,0.1
20200929_trump_biden,1240,TRUMP,142,32,1,46,7,0.2746478873239437,0.323943661971831
20200929_trump_biden,1241,TRUMP,29,8,0,0,0,,
20200929_trump_biden,1242,TRUMP,32,8,0,0,0,,
20200929_trump_biden,1243,TRUMP,83,15,0,0,0,,
20200929_trump_biden,1244,TRUMP,277,48,2,221,39,0.21299638989169675,0.3989169675090253
20200929_trump_biden,1245,TRUMP,22,4,0,0,0,,
20200929_trump_biden,1246,BIDEN,590,108,3,182,34,0.4621468926553672,0.10282485875706215
20200929_trump_biden,1247,TRUMP,73,13,0,0,0,,
20200929_trump_biden,1248,TRUMP,68,13,0,0,0,,
20200929_trump_biden,1249,BIDEN,474,95,0,0,0,,
20200929_trump_biden,1250,TRUMP,41,10,0,0,0,,
20200929_trump_biden,1251,TRUMP,37,8,0,0,0,,
20200929_trump_biden,1252,TRUMP,28,8,0,0,0,,
20240910_trump_harris,1253,HARRIS,40,7,0,0,0,,
20240910_trump_harris,1254,TRUMP,26,6,0,0,0,,
20240910_trump_harris,1255,HARRIS,10,2,0,0,0,,
20240910_trump_harris,1256,TRUMP,10,2,0,0,0,,
20240910_trump_harris,1257,HARRIS,1767,331,7,447,86,0.5619694397283531,0.036138733931603204
20240910_trump_harris,1258,TRUMP,1969,351,12,610,112,0.4807008633824276,0.025816827492805144
20240910_trump_harris,1259,HARRIS,1017,183,4,334,57,0.2615535889872173,0.08210422812192723
20240910_trump_harris,1260,TRUMP,1370,256,6,318,61,0.5833333333333334,0.03868613138686131
20240910_trump_harris,1261,HARRIS,907,163,4,379,64,0.36411245865490627,0.10446527012127894
20240910_trump_harris,1262,TRUMP,675,131,2,47,8,0.7133333333333334,0.03481481481481481
20240910_trump_harris,1263,TRUMP,1041,188,4,253,47,0.5573967339097022,0.06075888568683958
20240910_trump_harris,1264,HARRIS,1172,204,6,464,78,0.4876279863481228,0.06598407281001138
20240910_trump_harris,1265,TRUMP,1329,242,7,348,60,0.3415027410512738,0.03740728797162206
20240910_trump_harris,1266,TRUMP,2091,377,7,530,93,0.39263510282161646,0.03620960579353693
20240910_trump_harris,1267,HARRIS,1968,353,8,837,147,0.4420096544715447,0.05316310975609756
20240910_trump_harris,1268,TRUMP,677,127,3,163,30,0.3677991137370753,0.08025603151157067
20240910_trump_harris,1269,TRUMP,1106,202,2,168,29,0.5845388788426763,0.0759493670886076
20240910_trump_harris,1270,TRUMP,815,152,2,104,18,0.39141104294478524,0.0638036809815951
20240910_trump_harris,1271,HARRIS,1039,185,4,334,60,0.29523580365736285,0.08036573628488931
20240910_trump_harris,1272,TRUMP,529,98,5,267,55,0.37693761814744803,0.100945179584121
20240910_trump_harris,1273,HARRIS,8,2,0,0,0,,
20240910_trump_harris,1274,TRUMP,56,11,0,0,0,,
20240910_trump_harris,1275,HARRIS,67,11,0,0,0,,
20240910_trump_harris,1276,TRUMP,46,8,0,0,0,,
20240910_trump_harris,1277,HARRIS,37,6,0,0,0,,
20240910_trump_harris,1278,TRUMP,80,14,1,78,14,0.0,0.975
20240910_trump_harris,1279,HARRIS,18,3,0,0,0,,
20240910_trump_harris,1280,TRUMP,189,35,1,106,22,0.43386243386243384,0.5608465608465608
20240910_trump_harris,1281,HARRIS,2190,390,7,702,117,0.27840834964122635,0.04579256360078278
20240910_trump_harris,1282,TRUMP,30,6,0,0,0,,
20240910_trump_harris,1283,TRUMP,1587,286,3,278,48,0.38269271161520685,0.0583910943079185
20240910_trump_harris,1284,TRUMP,49,6,0,0,0,,
20240910_trump_harris,1285,TRUMP,145,30,1,34,8,0.21379310344827587,0.23448275862068965
20240910_trump_harris,1286,TRUMP,85,16,1,49,10,0.4117647058823529,0.5764705882352941
20240910_trump_harris,1287,TRUMP,18,3,0,0,0,,
20240910_trump_harris,1288,HARRIS,951,164,4,524,85,0.4952681388012618,0.1377497371188223
20240910_trump_harris,1289,TRUMP,1183,221,6,367,64,0.6014370245139476,0.0517047055508594
20240910_trump_harris,1290,TRUMP,18,3,0,0,0,,
20240910_trump_harris,1291,TRUMP,1288,226,7,559,101,0.5571206743566992,0.06200088731144632
20240910_trump_harris,1292,TRUMP,271,47,2,170,31,0.47601476014760147,0.3136531365313653
20240910_trump_harris,1293,HARRIS,1026,178,3,366,58,0.21280051981806367,0.1189083820662768
20240910_trump_harris,1294,TRUMP,1025,185,8,462,87,0.48060975609756096,0.05634146341463415
20240910_trump_harris,1295,HARRIS,788,133,4,396,64,0.4118020304568528,0.12563451776649748
20240910_trump_harris,1296,TRUMP,227,41,0,0,0,,
20240910_trump_harris,1297,TRUMP,69,10,1,61,9,0.10144927536231885,0.8840579710144928
20240910_trump_harris,1298,HARRIS,2039,369,6,377,68,0.2140755272192251,0.03081575935916299
20240910_trump_harris,1299,TRUMP,713,133,5,229,45,0.47713884992987377,0.06423562412342217
20240910_trump_harris,1300,HARRIS,28,4,0,0,0,,
20240910_trump_harris,1301,TRUMP,112,19,0,0,0,,
20240910_trump_harris,1302,HARRIS,10,2,0,0,0,,
20240910_trump_harris,1303,TRUMP,1475,279,10,574,108,0.49132203389830503,0.03891525423728814
20240910_trump_harris,1304,TRUMP,69,11,0,0,0,,
20240910_trump_harris,1305,TRUMP,1063,188,6,289,51,0.4236437754782063,0.04531201003449357
20240910_trump_harris,1306,TRUMP,293,52,1,54,11,0.6552901023890785,0.18430034129692832
20240910_trump_harris,1307,TRUMP,32,6,0,0,0,,
20240910_trump_harris,1308,TRUMP,813,162,6,253,50,0.5557605576055761,0.05186551865518655
20240910_trump_harris,1309,HARRIS,1548,284,10,764,136,0.2498062015503876,0.04935400516795865
20240910_trump_harris,1310,TRUMP,1249,235,4,243,47,0.444755804643715,0.048638911128903124
20240910_trump_harris,1311,TRUMP,231,48,0,0,0,,
20240910_trump_harris,1312,TRUMP,51,8,1,48,8,0.0392156862745098,0.9411764705882353
20240910_trump_harris,1313,TRUMP,12,3,0,0,0,,
20240910_trump_harris,1314,TRUMP,36,7,0,0,0,,
20240910_trump_harris,1315,TRUMP,912,171,4,285,57,0.5616776315789473,0.078125
20240910_trump_harris,1316,TRUMP,22,5,1,21,5,0.0,0.9545454545454546
20240910_trump_harris,1317,TRUMP,745,138,2,66,12,0.03959731543624161,0.04429530201342282
20240910_trump_harris,1318,HARRIS,925,174,3,186,39,0.5372972972972972,0.06702702702702702
20240910_trump_harris,1319,TRUMP,1380,266,8,341,69,0.6739130434782609,0.03088768115942029
20240910_trump_harris,1320,TRUMP,205,41,3,59,13,0.13333333333333333,0.0959349593495935
20240910_trump_harris,1321,TRUMP,48,9,0,0,0,,
20240910_trump_harris,1322,HARRIS,1217,214,3,273,42,0.3870172555464256,0.07477403451109285
20240910_trump_harris,1323,TRUMP,1773,324,13,619,120,0.43125515206733483,0.026855828886285738
20240910_trump_harris,1324,HARRIS,1044,194,6,393,74,0.4113984674329502,0.06273946360153257
20240910_trump_harris,1325,HARRIS,86,12,0,0,0,,
20240910_trump_harris,1326,TRUMP,821,137,4,336,58,0.33617539585870887,0.1023142509135201
20240910_trump_harris,1327,TRUMP,29,7,0,0,0,,
20240910_trump_harris,1328,TRUMP,2099,403,9,360,70,0.3609126038854481,0.019056693663649357
20240910_trump_harris,1329,TRUMP,111,23,1,32,7,0.0,0.2882882882882883
20240910_trump_harris,1330,TRUMP,31,5,0,0,0,,
20240910_trump_harris,1331,TRUMP,88,18,0,0,0,,
20240910_trump_harris,1332,TRUMP,88,16,0,0,0,,
20240910_trump_harris,1333,HARRIS,1899,326,7,390,64,0.42714210486722337,0.029338749717896635
20240910_trump_harris,1334,TRUMP,25,6,0,0,0,,
20240910_trump_harris,1335,TRUMP,18,4,0,0,0,,
20240910_trump_harris,1336,TRUMP,122,23,1,31,6,0.4016393442622951,0.2540983606557377
20240910_trump_harris,1337,HARRIS,18,2,0,0,0,,
20240910_trump_harris,1338,TRUMP,832,149,4,260,49,0.4765625,0.078125
20240910_trump_harris,1339,TRUMP,362,69,1,74,15,0.7928176795580111,0.20441988950276244
20240910_trump_harris,1340,HARRIS,975,170,1,37,8,0.19076923076923077,0.03794871794871795
20240910_trump_harris,1341,TRUMP,17,3,0,0,0,,
20240910_trump_harris,1342,TRUMP,454,86,1,43,9,0.4889867841409692,0.0947136563876652
20240910_trump_harris,1343,TRUMP,111,21,0,0,0,,
20240910_trump_harris,1344,HARRIS,1617,280,10,774,128,0.38249845392702536,0.04786641929499073
20240910_trump_harris,1345,TRUMP,1292,240,7,347,64,0.42381689517912424,0.03836797877045555
20240910_trump_harris,1346,TRUMP,226,40,0,0,0,,
20240910_trump_harris,1347,TRUMP,172,37,0,0,0,,
20240910_trump_harris,1348,TRUMP,232,50,0,0,0,,
20240910_trump_harris,1349,HARRIS,1654,301,5,489,87,0.3239419588875453,0.05912938331318017
20240910_trump_harris,1350,TRUMP,1108,197,3,157,27,0.4545728038507822,0.047232250300842354
20240910_trump_harris,1351,HARRIS,1216,218,0,0,0,,
20240910_trump_harris,1352,TRUMP,30,5,0,0,0,,
20240910_trump_harris,1353,TRUMP,88,16,2,85,16,0.21022727272727273,0.48295454545454547
20240910_trump_harris,1354,TRUMP,115,21,1,69,13,0.0,0.6
20240910_trump_harris,1355,HARRIS,140,27,0,0,0,,
20240910_trump_harris,1356,TRUMP,1534,311,2,104,19,0.24478487614080835,0.03389830508474576
20240910_trump_harris,1357,TRUMP,294,56,0,0,0,,
20240910_trump_harris,1358,HARRIS,2361,437,14,941,174,0.5155503116113027,0.028468566588007505
20240910_trump_harris,1359,HARRIS,69,13,0,0,0,,
20240910_trump_harris,1360,TRUMP,352,61,1,42,7,0.09090909090909091,0.11931818181818182
20240910_trump_harris,1361,TRUMP,231,39,2,117,20,0.5930735930735931,0.2532467532467533
20240910_trump_harris,1362,HARRIS,1320,231,9,567,100,0.4981481481481482,0.04772727272727273
20240910_trump_harris,1363,TRUMP,1296,228,6,349,64,0.5392232510288065,0.04488168724279835
20240910_trump_harris,1364,TRUMP,10,2,0,0,0,,
20240910_trump_harris,1365,HARRIS,1822,341,0,0,0,,
20240910_trump_harris,1366,TRUMP,1958,372,4,323,61,0.6064862104187947,0.04124106230847804
